Order_ID,Order_Date,Ship_Date,Customer_ID,Customer_Name,Segment,Region,State,City,Product_ID,Product_Name,Category,Sub_Category,Sales,Quantity,Discount,Profit,Shipping_Cost,Payment_Mode,Order_Priority
ORD-10000,2022-01-01,2022-01-03,CUST-202,Customer_220,Consumer,South,Texas,Miami,PROD-5497,Monitor,Office Supplies,Chairs,2932.67,5,0.3,-293.27,78.29,Credit Card,Medium
ORD-10001,2022-01-02,2022-01-04,CUST-535,Customer_75,Consumer,South,California,Los Angeles,PROD-8933,Phone,Office Supplies,Accessories,4931.03,6,0.21,-49.31,69.76,UPI,Low
ORD-10002,2022-01-03,2022-01-05,CUST-960,Customer_4,Home Office,East,California,Chicago,PROD-3135,Laptop,Technology,Accessories,3200.32,3,0.15,160.02,29.23,UPI,High
ORD-10003,2022-01-04,2022-01-06,CUST-370,Customer_134,Consumer,Central,Illinois,Chicago,PROD-7727,Printer,Technology,Accessories,4178.85,4,0.03,710.4,39.78,UPI,Medium
ORD-10004,2022-01-05,2022-01-07,CUST-206,Customer_118,Corporate,East,New York,Miami,PROD-2565,Storage Box,Furniture,Chairs,4008.83,3,0.25,-200.44,36.13,UPI,High
ORD-10005,2022-01-06,2022-01-08,CUST-171,Customer_94,Home Office,South,California,Los Angeles,PROD-1308,Laptop,Furniture,Tables,1760.03,2,0.23,-52.8,16.18,UPI,High
ORD-10006,2022-01-07,2022-01-09,CUST-800,Customer_62,Corporate,Central,California,Los Angeles,PROD-9534,Printer,Office Supplies,Tables,1335.07,9,0.11,120.16,76.84,Credit Card,Medium
ORD-10007,2022-01-08,2022-01-10,CUST-120,Customer_194,Home Office,West,Florida,Miami,PROD-9627,Desk,Technology,Storage,2180.94,1,0.36,-348.95,35.32,COD,Low
ORD-10008,2022-01-09,2022-01-11,CUST-714,Customer_203,Consumer,Central,Florida,Houston,PROD-9368,Phone,Office Supplies,Tables,2362.84,2,0.12,189.03,70.65,COD,Medium
ORD-10009,2022-01-10,2022-01-12,CUST-221,Customer_26,Home Office,South,California,Chicago,PROD-1138,Laptop,Furniture,Tables,1238.42,8,0.18,24.77,19.2,UPI,Medium
ORD-10010,2022-01-11,2022-01-13,CUST-566,Customer_173,Corporate,Central,Illinois,Chicago,PROD-1193,Desk,Furniture,Accessories,4478.26,7,0.22,-89.57,46.09,COD,Medium
ORD-10011,2022-01-12,2022-01-14,CUST-314,Customer_133,Consumer,East,California,New York City,PROD-4257,Printer,Office Supplies,Phones,2735.61,1,0.04,437.7,6.8,COD,High
ORD-10012,2022-01-13,2022-01-15,CUST-430,Customer_118,Home Office,West,Texas,Miami,PROD-4235,Laptop,Furniture,Tables,4893.3,5,0.37,-831.86,62.32,COD,Low
ORD-10013,2022-01-14,2022-01-16,CUST-558,Customer_275,Home Office,West,New York,New York City,PROD-1942,Storage Box,Technology,Tables,4059.59,6,0.15,202.98,48.57,UPI,Low
ORD-10014,2022-01-15,2022-01-17,CUST-187,Customer_212,Home Office,West,Illinois,New York City,PROD-5620,Laptop,Office Supplies,Chairs,2800.74,5,0.03,476.13,51.92,UPI,High
ORD-10015,2022-01-16,2022-01-18,CUST-472,Customer_225,Corporate,South,Texas,Los Angeles,PROD-6720,Desk,Technology,Storage,4737.85,4,0.15,236.89,8.88,Credit Card,Low
ORD-10016,2022-01-17,2022-01-19,CUST-199,Customer_20,Corporate,South,Illinois,Chicago,PROD-7353,Laptop,Technology,Chairs,2549.13,1,0.24,-101.97,20.83,UPI,Medium
ORD-10017,2022-01-18,2022-01-20,CUST-971,Customer_113,Home Office,West,Texas,New York City,PROD-5957,Storage Box,Furniture,Accessories,4441.18,7,0.21,-44.41,10.57,Credit Card,Low
ORD-10018,2022-01-19,2022-01-21,CUST-763,Customer_140,Consumer,Central,New York,Los Angeles,PROD-4381,Phone,Technology,Phones,1822.82,9,0.28,-145.83,26.67,UPI,High
ORD-10019,2022-01-20,2022-01-22,CUST-230,Customer_47,Consumer,West,New York,Miami,PROD-6839,Phone,Office Supplies,Storage,1924.28,6,0.02,346.37,52.06,COD,Low
ORD-10020,2022-01-21,2022-01-23,CUST-761,Customer_1,Corporate,Central,Florida,New York City,PROD-3880,Desk,Technology,Chairs,2119.75,3,0.11,190.78,47.46,Credit Card,High
ORD-10021,2022-01-22,2022-01-24,CUST-408,Customer_90,Consumer,Central,Texas,Chicago,PROD-5887,Printer,Technology,Tables,2755.8,4,0.33,-358.25,50.91,Credit Card,Medium
ORD-10022,2022-01-23,2022-01-25,CUST-869,Customer_142,Corporate,South,Florida,New York City,PROD-1545,Desk,Technology,Tables,2789.78,5,0.03,474.26,46.19,Credit Card,High
ORD-10023,2022-01-24,2022-01-26,CUST-443,Customer_38,Home Office,Central,Texas,Miami,PROD-2927,Phone,Technology,Storage,2507.17,1,0.34,-351.0,25.48,UPI,Low
ORD-10024,2022-01-25,2022-01-27,CUST-591,Customer_293,Corporate,West,Florida,New York City,PROD-5152,Office Chair,Technology,Tables,1564.7,5,0.04,250.35,23.34,Credit Card,Medium
ORD-10025,2022-01-26,2022-01-28,CUST-513,Customer_139,Corporate,South,New York,Chicago,PROD-1004,Office Chair,Furniture,Chairs,4639.67,1,0.33,-603.16,15.28,UPI,Low
ORD-10026,2022-01-27,2022-01-29,CUST-905,Customer_259,Home Office,East,Illinois,Los Angeles,PROD-6533,Laptop,Office Supplies,Chairs,2963.5,9,0.14,177.81,68.68,Credit Card,High
ORD-10027,2022-01-28,2022-01-30,CUST-485,Customer_161,Consumer,East,Florida,Chicago,PROD-6378,Storage Box,Furniture,Tables,2068.31,7,0.24,-82.73,51.24,UPI,Medium
ORD-10028,2022-01-29,2022-01-31,CUST-291,Customer_178,Corporate,South,Texas,Los Angeles,PROD-7233,Monitor,Office Supplies,Tables,3273.33,3,0.06,458.27,18.99,Credit Card,High
ORD-10029,2022-01-30,2022-02-01,CUST-376,Customer_10,Corporate,West,Texas,Houston,PROD-3663,Monitor,Office Supplies,Accessories,3851.44,9,0.03,654.74,18.29,COD,Low
ORD-10030,2022-01-31,2022-02-02,CUST-260,Customer_261,Home Office,East,New York,Chicago,PROD-4326,Monitor,Office Supplies,Phones,4805.6,2,0.09,528.62,70.48,COD,High
ORD-10031,2022-02-01,2022-02-03,CUST-559,Customer_138,Consumer,East,Texas,Chicago,PROD-4659,Laptop,Office Supplies,Storage,2522.77,7,0.05,378.42,60.7,Credit Card,Low
ORD-10032,2022-02-02,2022-02-04,CUST-413,Customer_172,Corporate,Central,California,Miami,PROD-2131,Office Chair,Office Supplies,Chairs,604.89,9,0.12,48.39,54.45,UPI,Low
ORD-10033,2022-02-03,2022-02-05,CUST-121,Customer_13,Home Office,Central,Illinois,New York City,PROD-5763,Phone,Technology,Storage,2231.79,6,0.21,-22.32,35.51,UPI,Medium
ORD-10034,2022-02-04,2022-02-06,CUST-352,Customer_168,Corporate,West,Florida,Los Angeles,PROD-7737,Laptop,Furniture,Accessories,2420.9,5,0.24,-96.84,24.65,UPI,Medium
ORD-10035,2022-02-05,2022-02-07,CUST-847,Customer_130,Home Office,South,Illinois,Los Angeles,PROD-6092,Monitor,Furniture,Chairs,4490.12,7,0.32,-538.81,78.46,COD,High
ORD-10036,2022-02-06,2022-02-08,CUST-956,Customer_84,Consumer,West,New York,Miami,PROD-7022,Monitor,Technology,Accessories,2004.26,6,0.26,-120.26,64.79,COD,Low
ORD-10037,2022-02-07,2022-02-09,CUST-660,Customer_101,Consumer,South,Florida,Miami,PROD-4159,Desk,Office Supplies,Accessories,4768.96,5,0.24,-190.76,27.63,COD,Low
ORD-10038,2022-02-08,2022-02-10,CUST-574,Customer_273,Consumer,East,Florida,New York City,PROD-7159,Monitor,Furniture,Tables,2451.4,2,0.16,98.06,68.57,UPI,Medium
ORD-10039,2022-02-09,2022-02-11,CUST-158,Customer_265,Consumer,Central,California,New York City,PROD-8318,Storage Box,Technology,Storage,4870.21,8,0.19,48.7,61.92,UPI,Medium
ORD-10040,2022-02-10,2022-02-12,CUST-610,Customer_38,Corporate,West,New York,Chicago,PROD-9445,Monitor,Technology,Storage,90.58,7,0.17,2.72,27.28,UPI,Medium
ORD-10041,2022-02-11,2022-02-13,CUST-781,Customer_94,Corporate,West,Texas,Houston,PROD-6307,Desk,Furniture,Tables,4499.14,6,0.34,-629.88,36.99,Credit Card,Medium
ORD-10042,2022-02-12,2022-02-14,CUST-575,Customer_95,Consumer,South,California,New York City,PROD-9520,Monitor,Furniture,Storage,4659.05,5,0.09,512.5,18.95,Credit Card,High
ORD-10043,2022-02-13,2022-02-15,CUST-799,Customer_69,Consumer,South,California,Miami,PROD-4044,Storage Box,Office Supplies,Tables,4807.05,5,0.0,961.41,13.33,Credit Card,High
ORD-10044,2022-02-14,2022-02-16,CUST-882,Customer_236,Consumer,West,Illinois,New York City,PROD-6636,Phone,Office Supplies,Chairs,114.73,9,0.26,-6.88,59.21,COD,High
ORD-10045,2022-02-15,2022-02-17,CUST-289,Customer_137,Corporate,South,Illinois,Los Angeles,PROD-3892,Laptop,Furniture,Accessories,899.92,1,0.08,107.99,25.06,COD,High
ORD-10046,2022-02-16,2022-02-18,CUST-786,Customer_76,Consumer,West,Illinois,Houston,PROD-6288,Storage Box,Office Supplies,Accessories,3286.13,9,0.36,-525.78,66.5,UPI,Medium
ORD-10047,2022-02-17,2022-02-19,CUST-662,Customer_35,Consumer,West,California,Chicago,PROD-6812,Desk,Technology,Storage,176.09,6,0.34,-24.65,79.67,Credit Card,High
ORD-10048,2022-02-18,2022-02-20,CUST-975,Customer_1,Consumer,West,Texas,Los Angeles,PROD-1654,Laptop,Office Supplies,Phones,364.86,4,0.03,62.03,10.75,UPI,High
ORD-10049,2022-02-19,2022-02-21,CUST-666,Customer_296,Home Office,East,Florida,Los Angeles,PROD-6481,Laptop,Office Supplies,Accessories,1144.34,7,0.04,183.09,40.48,Credit Card,High
ORD-10050,2022-02-20,2022-02-22,CUST-343,Customer_60,Consumer,South,Illinois,Houston,PROD-1759,Desk,Technology,Tables,2586.58,9,0.2,0.0,65.15,Credit Card,Medium
ORD-10051,2022-02-21,2022-02-23,CUST-931,Customer_267,Home Office,Central,Texas,Chicago,PROD-7782,Office Chair,Office Supplies,Phones,2752.22,5,0.24,-110.09,64.17,UPI,Low
ORD-10052,2022-02-22,2022-02-24,CUST-604,Customer_229,Home Office,Central,New York,Miami,PROD-2798,Monitor,Technology,Phones,219.59,5,0.11,19.76,62.0,UPI,Medium
ORD-10053,2022-02-23,2022-02-25,CUST-230,Customer_270,Consumer,South,Illinois,Chicago,PROD-6159,Storage Box,Office Supplies,Accessories,893.32,8,0.29,-80.4,31.17,Credit Card,Low
ORD-10054,2022-02-24,2022-02-26,CUST-584,Customer_286,Home Office,West,Florida,New York City,PROD-9446,Desk,Furniture,Accessories,2523.54,7,0.24,-100.94,39.04,Credit Card,Low
ORD-10055,2022-02-25,2022-02-27,CUST-918,Customer_291,Consumer,Central,New York,Los Angeles,PROD-6262,Phone,Office Supplies,Accessories,2990.01,8,0.13,209.3,49.62,COD,High
ORD-10056,2022-02-26,2022-02-28,CUST-746,Customer_213,Corporate,Central,New York,New York City,PROD-4823,Printer,Furniture,Tables,784.59,2,0.01,149.07,78.05,UPI,High
ORD-10057,2022-02-27,2022-03-01,CUST-120,Customer_165,Corporate,South,Florida,Miami,PROD-2876,Desk,Furniture,Phones,2024.26,9,0.3,-202.43,29.57,UPI,High
ORD-10058,2022-02-28,2022-03-02,CUST-940,Customer_5,Corporate,Central,Illinois,New York City,PROD-7154,Monitor,Furniture,Storage,4526.79,3,0.09,497.95,74.24,UPI,Medium
ORD-10059,2022-03-01,2022-03-03,CUST-266,Customer_78,Corporate,West,California,Chicago,PROD-8787,Monitor,Furniture,Tables,4994.55,6,0.33,-649.29,25.2,UPI,Medium
ORD-10060,2022-03-02,2022-03-04,CUST-373,Customer_62,Home Office,South,Florida,New York City,PROD-5516,Laptop,Furniture,Chairs,4936.71,6,0.17,148.1,79.18,Credit Card,High
ORD-10061,2022-03-03,2022-03-05,CUST-487,Customer_132,Consumer,West,Florida,Miami,PROD-4734,Laptop,Technology,Accessories,4414.29,2,0.23,-132.43,55.27,COD,Medium
ORD-10062,2022-03-04,2022-03-06,CUST-700,Customer_89,Consumer,Central,Florida,Miami,PROD-6972,Desk,Technology,Phones,2003.57,7,0.35,-300.54,39.76,UPI,Medium
ORD-10063,2022-03-05,2022-03-07,CUST-415,Customer_237,Consumer,Central,New York,Miami,PROD-7639,Printer,Technology,Tables,3448.54,9,0.35,-517.28,51.0,Credit Card,Low
ORD-10064,2022-03-06,2022-03-08,CUST-113,Customer_42,Corporate,West,Texas,Chicago,PROD-6356,Desk,Furniture,Chairs,2112.13,1,0.15,105.61,25.44,Credit Card,Medium
ORD-10065,2022-03-07,2022-03-09,CUST-341,Customer_89,Corporate,East,California,Miami,PROD-7380,Printer,Office Supplies,Tables,3260.21,8,0.08,391.23,25.56,Credit Card,Low
ORD-10066,2022-03-08,2022-03-10,CUST-876,Customer_296,Consumer,Central,Illinois,Los Angeles,PROD-2008,Printer,Technology,Tables,1581.69,2,0.31,-173.99,13.52,Credit Card,High
ORD-10067,2022-03-09,2022-03-11,CUST-445,Customer_295,Corporate,East,Illinois,Miami,PROD-5314,Monitor,Office Supplies,Storage,3050.7,1,0.17,91.52,13.55,Credit Card,Medium
ORD-10068,2022-03-10,2022-03-12,CUST-664,Customer_104,Consumer,Central,Texas,New York City,PROD-3508,Monitor,Office Supplies,Storage,2642.6,8,0.08,317.11,31.08,UPI,Low
ORD-10069,2022-03-11,2022-03-13,CUST-997,Customer_14,Consumer,East,Florida,New York City,PROD-5758,Monitor,Furniture,Tables,171.18,2,0.36,-27.39,62.21,UPI,Medium
ORD-10070,2022-03-12,2022-03-14,CUST-439,Customer_288,Consumer,East,California,New York City,PROD-3682,Phone,Furniture,Chairs,3963.98,6,0.08,475.68,50.6,COD,Low
ORD-10071,2022-03-13,2022-03-15,CUST-191,Customer_179,Consumer,East,Illinois,Chicago,PROD-8311,Monitor,Furniture,Phones,108.89,6,0.01,20.69,12.69,UPI,Low
ORD-10072,2022-03-14,2022-03-16,CUST-466,Customer_125,Consumer,West,Illinois,New York City,PROD-1989,Storage Box,Technology,Phones,1501.12,5,0.01,285.21,68.92,Credit Card,Medium
ORD-10073,2022-03-15,2022-03-17,CUST-554,Customer_23,Consumer,East,Florida,Chicago,PROD-9446,Laptop,Furniture,Accessories,79.32,8,0.25,-3.97,50.1,COD,High
ORD-10074,2022-03-16,2022-03-18,CUST-527,Customer_63,Consumer,East,Texas,Chicago,PROD-5711,Laptop,Technology,Accessories,1912.2,3,0.26,-114.73,77.06,Credit Card,Low
ORD-10075,2022-03-17,2022-03-19,CUST-608,Customer_143,Corporate,East,California,Miami,PROD-7479,Printer,Technology,Phones,362.64,4,0.12,29.01,55.26,Credit Card,High
ORD-10076,2022-03-18,2022-03-20,CUST-875,Customer_153,Consumer,Central,Texas,Los Angeles,PROD-7964,Laptop,Technology,Tables,4571.88,7,0.13,320.03,18.14,UPI,Medium
ORD-10077,2022-03-19,2022-03-21,CUST-134,Customer_145,Consumer,East,Texas,Miami,PROD-9075,Office Chair,Technology,Tables,2107.61,7,0.14,126.46,40.53,Credit Card,Medium
ORD-10078,2022-03-20,2022-03-22,CUST-305,Customer_225,Corporate,Central,California,Miami,PROD-5452,Printer,Furniture,Storage,2324.5,8,0.27,-162.72,53.64,UPI,High
ORD-10079,2022-03-21,2022-03-23,CUST-180,Customer_104,Corporate,East,California,Chicago,PROD-9447,Laptop,Technology,Storage,1781.76,2,0.02,320.72,7.12,Credit Card,Medium
ORD-10080,2022-03-22,2022-03-24,CUST-661,Customer_104,Corporate,East,Illinois,Chicago,PROD-2007,Office Chair,Furniture,Accessories,3156.16,2,0.37,-536.55,6.12,COD,Low
ORD-10081,2022-03-23,2022-03-25,CUST-971,Customer_39,Consumer,West,Illinois,New York City,PROD-7496,Phone,Furniture,Phones,3932.82,4,0.09,432.61,14.71,Credit Card,High
ORD-10082,2022-03-24,2022-03-26,CUST-487,Customer_198,Home Office,Central,California,New York City,PROD-8688,Laptop,Technology,Tables,3258.33,9,0.4,-651.67,23.87,UPI,Medium
ORD-10083,2022-03-25,2022-03-27,CUST-101,Customer_134,Home Office,East,New York,Miami,PROD-4908,Office Chair,Furniture,Phones,3753.63,9,0.07,487.97,37.22,Credit Card,Medium
ORD-10084,2022-03-26,2022-03-28,CUST-489,Customer_67,Corporate,Central,Illinois,Houston,PROD-3803,Desk,Office Supplies,Chairs,4534.57,4,0.31,-498.8,41.56,UPI,High
ORD-10085,2022-03-27,2022-03-29,CUST-665,Customer_179,Home Office,Central,New York,Houston,PROD-5379,Storage Box,Furniture,Phones,4324.56,9,0.09,475.7,15.35,UPI,Low
ORD-10086,2022-03-28,2022-03-30,CUST-205,Customer_42,Corporate,South,California,New York City,PROD-1098,Desk,Furniture,Chairs,3386.59,3,0.03,575.72,55.5,COD,High
ORD-10087,2022-03-29,2022-03-31,CUST-871,Customer_15,Consumer,West,Illinois,Houston,PROD-9388,Office Chair,Technology,Storage,1112.46,5,0.35,-166.87,49.71,UPI,Medium
ORD-10088,2022-03-30,2022-04-01,CUST-921,Customer_111,Home Office,West,Texas,New York City,PROD-1877,Printer,Technology,Storage,3206.63,9,0.34,-448.93,27.08,COD,Medium
ORD-10089,2022-03-31,2022-04-02,CUST-576,Customer_157,Consumer,West,California,Chicago,PROD-2868,Monitor,Furniture,Accessories,2555.11,6,0.16,102.2,6.02,COD,High
ORD-10090,2022-04-01,2022-04-03,CUST-802,Customer_289,Home Office,South,Florida,Miami,PROD-3665,Monitor,Technology,Phones,3600.24,3,0.28,-288.02,10.82,Credit Card,Low
ORD-10091,2022-04-02,2022-04-04,CUST-501,Customer_231,Consumer,South,New York,Los Angeles,PROD-2388,Monitor,Office Supplies,Phones,4173.01,9,0.22,-83.46,34.38,COD,Low
ORD-10092,2022-04-03,2022-04-05,CUST-829,Customer_157,Home Office,West,California,Miami,PROD-3415,Printer,Office Supplies,Chairs,3726.47,6,0.34,-521.71,16.55,UPI,Low
ORD-10093,2022-04-04,2022-04-06,CUST-655,Customer_38,Consumer,South,California,New York City,PROD-9761,Laptop,Technology,Storage,4240.48,4,0.13,296.83,33.26,UPI,High
ORD-10094,2022-04-05,2022-04-07,CUST-261,Customer_97,Consumer,South,Illinois,New York City,PROD-3637,Monitor,Furniture,Chairs,366.14,4,0.21,-3.66,52.11,COD,Low
ORD-10095,2022-04-06,2022-04-08,CUST-301,Customer_289,Home Office,South,Illinois,Miami,PROD-8242,Desk,Office Supplies,Storage,206.52,8,0.19,2.07,46.04,Credit Card,Low
ORD-10096,2022-04-07,2022-04-09,CUST-369,Customer_254,Consumer,West,Illinois,New York City,PROD-9613,Printer,Office Supplies,Chairs,1329.58,7,0.14,79.77,22.34,COD,Low
ORD-10097,2022-04-08,2022-04-10,CUST-962,Customer_196,Consumer,West,Florida,Houston,PROD-3883,Printer,Furniture,Storage,4508.3,1,0.36,-721.33,30.79,COD,Low
ORD-10098,2022-04-09,2022-04-11,CUST-915,Customer_86,Consumer,West,Illinois,Houston,PROD-2204,Monitor,Technology,Chairs,4127.11,6,0.07,536.52,51.05,UPI,Medium
ORD-10099,2022-04-10,2022-04-12,CUST-370,Customer_10,Home Office,South,California,New York City,PROD-1544,Desk,Office Supplies,Storage,3429.5,8,0.06,480.13,69.56,Credit Card,High
ORD-10100,2022-04-11,2022-04-13,CUST-555,Customer_5,Home Office,West,Illinois,New York City,PROD-2223,Phone,Furniture,Chairs,3518.76,3,0.23,-105.56,61.49,Credit Card,High
ORD-10101,2022-04-12,2022-04-14,CUST-561,Customer_123,Consumer,South,Texas,Houston,PROD-4172,Printer,Furniture,Phones,3647.02,9,0.26,-218.82,46.51,Credit Card,Low
ORD-10102,2022-04-13,2022-04-15,CUST-826,Customer_118,Consumer,East,Illinois,New York City,PROD-9959,Monitor,Office Supplies,Accessories,4715.88,2,0.08,565.91,32.17,Credit Card,High
ORD-10103,2022-04-14,2022-04-16,CUST-351,Customer_294,Home Office,South,Florida,New York City,PROD-7450,Storage Box,Technology,Chairs,4169.35,6,0.16,166.77,32.38,UPI,High
ORD-10104,2022-04-15,2022-04-17,CUST-801,Customer_159,Home Office,Central,Texas,Miami,PROD-7520,Office Chair,Office Supplies,Accessories,3135.78,1,0.38,-564.44,70.96,Credit Card,Medium
ORD-10105,2022-04-16,2022-04-18,CUST-395,Customer_228,Consumer,West,California,Los Angeles,PROD-1654,Laptop,Furniture,Phones,3345.29,2,0.1,334.53,7.94,Credit Card,High
ORD-10106,2022-04-17,2022-04-19,CUST-824,Customer_216,Consumer,West,California,Houston,PROD-7821,Printer,Office Supplies,Phones,1108.01,5,0.27,-77.56,79.1,Credit Card,Medium
ORD-10107,2022-04-18,2022-04-20,CUST-819,Customer_184,Consumer,Central,New York,Miami,PROD-3446,Storage Box,Technology,Storage,3303.73,1,0.3,-330.37,54.83,UPI,High
ORD-10108,2022-04-19,2022-04-21,CUST-848,Customer_15,Corporate,South,Texas,Los Angeles,PROD-6892,Storage Box,Furniture,Accessories,2152.16,8,0.18,43.04,56.09,UPI,Medium
ORD-10109,2022-04-20,2022-04-22,CUST-437,Customer_157,Home Office,East,New York,New York City,PROD-9412,Printer,Technology,Tables,807.16,1,0.38,-145.29,7.85,Credit Card,Medium
ORD-10110,2022-04-21,2022-04-23,CUST-978,Customer_136,Corporate,Central,Texas,New York City,PROD-4666,Phone,Office Supplies,Storage,4041.69,9,0.29,-363.75,50.41,UPI,High
ORD-10111,2022-04-22,2022-04-24,CUST-152,Customer_261,Home Office,Central,Texas,Miami,PROD-5277,Office Chair,Office Supplies,Accessories,2575.72,3,0.18,51.51,41.36,COD,Medium
ORD-10112,2022-04-23,2022-04-25,CUST-891,Customer_157,Home Office,South,Florida,New York City,PROD-5402,Laptop,Technology,Chairs,4888.25,2,0.23,-146.65,12.93,Credit Card,Medium
ORD-10113,2022-04-24,2022-04-26,CUST-316,Customer_47,Home Office,West,New York,Chicago,PROD-3569,Printer,Office Supplies,Chairs,1444.31,1,0.28,-115.54,25.84,UPI,High
ORD-10114,2022-04-25,2022-04-27,CUST-863,Customer_173,Home Office,South,Florida,Miami,PROD-6515,Laptop,Technology,Phones,2429.32,9,0.24,-97.17,71.77,Credit Card,Medium
ORD-10115,2022-04-26,2022-04-28,CUST-287,Customer_130,Home Office,Central,Texas,Los Angeles,PROD-4985,Desk,Office Supplies,Tables,2267.58,4,0.35,-340.14,46.25,Credit Card,Medium
ORD-10116,2022-04-27,2022-04-29,CUST-479,Customer_95,Home Office,Central,California,Miami,PROD-9167,Storage Box,Technology,Chairs,647.86,1,0.14,38.87,36.01,UPI,Medium
ORD-10117,2022-04-28,2022-04-30,CUST-592,Customer_115,Home Office,West,Texas,Houston,PROD-8448,Storage Box,Technology,Accessories,2159.27,1,0.12,172.74,10.45,COD,Medium
ORD-10118,2022-04-29,2022-05-01,CUST-140,Customer_243,Corporate,West,Florida,Miami,PROD-5310,Printer,Furniture,Accessories,1473.39,7,0.09,162.07,58.56,Credit Card,Medium
ORD-10119,2022-04-30,2022-05-02,CUST-256,Customer_292,Consumer,West,New York,New York City,PROD-4019,Printer,Furniture,Chairs,843.59,2,0.02,151.85,57.71,COD,Low
ORD-10120,2022-05-01,2022-05-03,CUST-114,Customer_282,Consumer,South,New York,New York City,PROD-4681,Desk,Technology,Accessories,1446.67,7,0.02,260.4,51.05,UPI,Medium
ORD-10121,2022-05-02,2022-05-04,CUST-912,Customer_299,Corporate,West,Florida,Chicago,PROD-5196,Phone,Office Supplies,Accessories,1204.6,7,0.35,-180.69,43.27,Credit Card,Medium
ORD-10122,2022-05-03,2022-05-05,CUST-164,Customer_283,Corporate,Central,New York,Chicago,PROD-1572,Printer,Office Supplies,Phones,3683.66,9,0.27,-257.86,37.53,UPI,Medium
ORD-10123,2022-05-04,2022-05-06,CUST-956,Customer_69,Corporate,Central,Illinois,Chicago,PROD-5753,Storage Box,Office Supplies,Tables,202.34,7,0.26,-12.14,49.5,UPI,Medium
ORD-10124,2022-05-05,2022-05-07,CUST-938,Customer_148,Corporate,East,California,Los Angeles,PROD-8082,Laptop,Technology,Phones,3106.44,1,0.25,-155.32,22.5,UPI,High
ORD-10125,2022-05-06,2022-05-08,CUST-620,Customer_11,Home Office,South,California,Chicago,PROD-5002,Office Chair,Technology,Tables,3815.27,8,0.34,-534.14,75.59,UPI,Low
ORD-10126,2022-05-07,2022-05-09,CUST-443,Customer_254,Consumer,East,California,Los Angeles,PROD-6629,Monitor,Technology,Accessories,2429.58,8,0.19,24.3,49.16,Credit Card,High
ORD-10127,2022-05-08,2022-05-10,CUST-228,Customer_38,Home Office,Central,New York,Chicago,PROD-9417,Laptop,Technology,Tables,4661.25,4,0.35,-699.19,28.34,COD,Low
ORD-10128,2022-05-09,2022-05-11,CUST-747,Customer_134,Consumer,East,New York,Los Angeles,PROD-5200,Phone,Furniture,Accessories,3554.01,8,0.14,213.24,38.73,COD,Medium
ORD-10129,2022-05-10,2022-05-12,CUST-571,Customer_200,Consumer,Central,Texas,Miami,PROD-2997,Office Chair,Technology,Accessories,3752.22,4,0.37,-637.88,65.43,Credit Card,Medium
ORD-10130,2022-05-11,2022-05-13,CUST-162,Customer_23,Corporate,East,Texas,Miami,PROD-9963,Laptop,Office Supplies,Phones,1024.82,8,0.28,-81.99,17.12,Credit Card,Low
ORD-10131,2022-05-12,2022-05-14,CUST-238,Customer_218,Home Office,West,California,New York City,PROD-8422,Laptop,Furniture,Phones,3897.61,5,0.1,389.76,26.96,COD,Low
ORD-10132,2022-05-13,2022-05-15,CUST-598,Customer_141,Corporate,East,Illinois,Los Angeles,PROD-5524,Desk,Office Supplies,Storage,4168.87,4,0.23,-125.07,55.96,COD,High
ORD-10133,2022-05-14,2022-05-16,CUST-692,Customer_104,Home Office,West,Texas,Houston,PROD-9625,Monitor,Technology,Chairs,1838.27,6,0.21,-18.38,28.66,Credit Card,Low
ORD-10134,2022-05-15,2022-05-17,CUST-491,Customer_210,Consumer,West,Texas,New York City,PROD-4407,Phone,Furniture,Storage,1106.15,2,0.06,154.86,64.44,UPI,Medium
ORD-10135,2022-05-16,2022-05-18,CUST-774,Customer_111,Corporate,South,New York,Miami,PROD-7731,Storage Box,Technology,Storage,1956.0,2,0.24,-78.24,14.78,Credit Card,High
ORD-10136,2022-05-17,2022-05-19,CUST-518,Customer_104,Corporate,West,Illinois,Los Angeles,PROD-8795,Desk,Furniture,Tables,3711.06,2,0.13,259.77,62.2,COD,Low
ORD-10137,2022-05-18,2022-05-20,CUST-388,Customer_171,Consumer,West,California,Chicago,PROD-3793,Office Chair,Office Supplies,Accessories,2117.31,9,0.02,381.12,10.13,UPI,Low
ORD-10138,2022-05-19,2022-05-21,CUST-478,Customer_133,Consumer,East,Texas,Houston,PROD-8334,Monitor,Technology,Accessories,3696.43,3,0.38,-665.36,5.94,COD,High
ORD-10139,2022-05-20,2022-05-22,CUST-872,Customer_293,Consumer,Central,Illinois,Miami,PROD-3911,Storage Box,Technology,Accessories,612.14,4,0.26,-36.73,72.37,UPI,Low
ORD-10140,2022-05-21,2022-05-23,CUST-589,Customer_127,Corporate,South,Illinois,New York City,PROD-8952,Desk,Furniture,Chairs,4039.76,8,0.35,-605.96,48.6,COD,Medium
ORD-10141,2022-05-22,2022-05-24,CUST-330,Customer_106,Home Office,West,California,Los Angeles,PROD-3415,Monitor,Furniture,Tables,1303.38,4,0.27,-91.24,31.39,UPI,High
ORD-10142,2022-05-23,2022-05-25,CUST-140,Customer_92,Corporate,South,Illinois,Houston,PROD-1250,Phone,Technology,Tables,1282.2,7,0.14,76.93,22.44,Credit Card,Low
ORD-10143,2022-05-24,2022-05-26,CUST-127,Customer_287,Home Office,East,Illinois,Los Angeles,PROD-5951,Printer,Furniture,Accessories,2972.39,5,0.21,-29.72,51.27,Credit Card,Medium
ORD-10144,2022-05-25,2022-05-27,CUST-234,Customer_51,Corporate,West,Illinois,Chicago,PROD-9098,Printer,Technology,Storage,397.08,9,0.27,-27.8,43.18,UPI,Low
ORD-10145,2022-05-26,2022-05-28,CUST-300,Customer_29,Corporate,East,Texas,New York City,PROD-6289,Office Chair,Furniture,Chairs,180.17,4,0.38,-32.43,79.37,UPI,High
ORD-10146,2022-05-27,2022-05-29,CUST-939,Customer_296,Consumer,South,California,Los Angeles,PROD-9102,Printer,Office Supplies,Storage,1342.09,3,0.1,134.21,78.74,Credit Card,Low
ORD-10147,2022-05-28,2022-05-30,CUST-879,Customer_297,Home Office,East,Illinois,Miami,PROD-8257,Desk,Furniture,Phones,2713.43,2,0.35,-407.01,52.63,Credit Card,Low
ORD-10148,2022-05-29,2022-05-31,CUST-132,Customer_214,Corporate,South,Illinois,New York City,PROD-6565,Office Chair,Office Supplies,Tables,4542.7,1,0.37,-772.26,38.22,UPI,Low
ORD-10149,2022-05-30,2022-06-01,CUST-147,Customer_267,Corporate,East,Texas,Miami,PROD-7437,Storage Box,Furniture,Tables,4239.85,6,0.27,-296.79,41.84,UPI,Medium
ORD-10150,2022-05-31,2022-06-02,CUST-602,Customer_257,Consumer,South,California,Los Angeles,PROD-2173,Phone,Furniture,Storage,2477.71,2,0.37,-421.21,56.19,Credit Card,Medium
ORD-10151,2022-06-01,2022-06-03,CUST-506,Customer_101,Consumer,Central,New York,New York City,PROD-9624,Office Chair,Technology,Chairs,233.41,8,0.16,9.34,12.62,COD,Low
ORD-10152,2022-06-02,2022-06-04,CUST-673,Customer_110,Home Office,East,Texas,Miami,PROD-1835,Storage Box,Furniture,Tables,2699.5,6,0.38,-485.91,29.63,Credit Card,Low
ORD-10153,2022-06-03,2022-06-05,CUST-827,Customer_182,Corporate,East,California,Chicago,PROD-3262,Office Chair,Furniture,Storage,3538.74,5,0.28,-283.1,10.65,UPI,High
ORD-10154,2022-06-04,2022-06-06,CUST-904,Customer_1,Home Office,Central,Illinois,Chicago,PROD-5567,Laptop,Office Supplies,Chairs,1728.86,2,0.02,311.19,10.5,UPI,Low
ORD-10155,2022-06-05,2022-06-07,CUST-198,Customer_55,Corporate,Central,California,Los Angeles,PROD-4815,Laptop,Furniture,Storage,599.76,7,0.36,-95.96,19.69,COD,High
ORD-10156,2022-06-06,2022-06-08,CUST-783,Customer_149,Home Office,East,California,New York City,PROD-1246,Office Chair,Technology,Chairs,1428.91,2,0.19,14.29,41.39,Credit Card,Medium
ORD-10157,2022-06-07,2022-06-09,CUST-971,Customer_137,Consumer,Central,California,Houston,PROD-3429,Monitor,Office Supplies,Accessories,3869.36,5,0.18,77.39,63.86,UPI,Low
ORD-10158,2022-06-08,2022-06-10,CUST-825,Customer_202,Corporate,West,New York,New York City,PROD-6287,Printer,Technology,Chairs,1788.66,2,0.23,-53.66,41.41,Credit Card,High
ORD-10159,2022-06-09,2022-06-11,CUST-646,Customer_117,Home Office,South,California,Chicago,PROD-3607,Laptop,Technology,Phones,4069.31,2,0.06,569.7,30.16,UPI,Medium
ORD-10160,2022-06-10,2022-06-12,CUST-838,Customer_154,Consumer,South,New York,Miami,PROD-6930,Monitor,Technology,Accessories,1631.63,7,0.19,16.32,11.18,COD,High
ORD-10161,2022-06-11,2022-06-13,CUST-712,Customer_291,Consumer,South,Illinois,Houston,PROD-5022,Monitor,Technology,Storage,859.6,9,0.33,-111.75,46.27,Credit Card,Medium
ORD-10162,2022-06-12,2022-06-14,CUST-561,Customer_63,Home Office,West,New York,Los Angeles,PROD-5784,Phone,Office Supplies,Accessories,2207.45,5,0.01,419.42,25.35,Credit Card,Low
ORD-10163,2022-06-13,2022-06-15,CUST-742,Customer_244,Corporate,Central,Illinois,Houston,PROD-7617,Storage Box,Furniture,Accessories,2288.76,7,0.11,205.99,51.12,COD,High
ORD-10164,2022-06-14,2022-06-16,CUST-868,Customer_25,Corporate,Central,Illinois,Los Angeles,PROD-4151,Desk,Technology,Storage,129.74,4,0.0,25.95,78.29,UPI,Low
ORD-10165,2022-06-15,2022-06-17,CUST-104,Customer_90,Consumer,East,New York,Houston,PROD-6580,Laptop,Office Supplies,Storage,629.37,2,0.17,18.88,13.35,UPI,High
ORD-10166,2022-06-16,2022-06-18,CUST-317,Customer_75,Corporate,Central,Texas,Los Angeles,PROD-8054,Office Chair,Technology,Phones,965.38,3,0.29,-86.88,20.91,Credit Card,Medium
ORD-10167,2022-06-17,2022-06-19,CUST-602,Customer_294,Corporate,East,Florida,Los Angeles,PROD-8706,Printer,Furniture,Storage,612.26,2,0.32,-73.47,40.48,COD,High
ORD-10168,2022-06-18,2022-06-20,CUST-866,Customer_210,Corporate,West,California,Houston,PROD-8619,Desk,Office Supplies,Tables,1740.55,5,0.38,-313.3,77.65,Credit Card,High
ORD-10169,2022-06-19,2022-06-21,CUST-497,Customer_17,Consumer,South,Florida,Houston,PROD-5573,Storage Box,Office Supplies,Tables,4824.88,6,0.24,-193.0,62.89,Credit Card,Low
ORD-10170,2022-06-20,2022-06-22,CUST-970,Customer_128,Home Office,South,California,Los Angeles,PROD-4491,Monitor,Furniture,Phones,2570.65,7,0.1,257.06,72.37,UPI,Low
ORD-10171,2022-06-21,2022-06-23,CUST-894,Customer_251,Corporate,South,California,Chicago,PROD-1706,Storage Box,Office Supplies,Chairs,3156.4,3,0.37,-536.59,30.03,UPI,Low
ORD-10172,2022-06-22,2022-06-24,CUST-492,Customer_179,Consumer,Central,Illinois,Houston,PROD-7997,Laptop,Furniture,Chairs,1814.11,4,0.31,-199.55,79.4,UPI,Medium
ORD-10173,2022-06-23,2022-06-25,CUST-306,Customer_182,Consumer,East,California,New York City,PROD-6233,Storage Box,Office Supplies,Tables,1651.26,8,0.23,-49.54,12.71,UPI,Low
ORD-10174,2022-06-24,2022-06-26,CUST-114,Customer_152,Home Office,East,California,Miami,PROD-9945,Storage Box,Office Supplies,Storage,164.58,4,0.28,-13.17,8.97,UPI,High
ORD-10175,2022-06-25,2022-06-27,CUST-957,Customer_25,Corporate,West,New York,Los Angeles,PROD-6755,Printer,Furniture,Phones,2526.65,7,0.37,-429.53,69.17,COD,Medium
ORD-10176,2022-06-26,2022-06-28,CUST-653,Customer_180,Corporate,Central,Florida,Los Angeles,PROD-7960,Monitor,Furniture,Chairs,2443.86,6,0.28,-195.51,74.54,Credit Card,Low
ORD-10177,2022-06-27,2022-06-29,CUST-991,Customer_198,Home Office,West,New York,Miami,PROD-9779,Printer,Office Supplies,Chairs,831.26,7,0.15,41.56,11.79,COD,High
ORD-10178,2022-06-28,2022-06-30,CUST-560,Customer_161,Home Office,East,California,Chicago,PROD-2334,Printer,Office Supplies,Accessories,3833.4,1,0.29,-345.01,13.51,Credit Card,High
ORD-10179,2022-06-29,2022-07-01,CUST-790,Customer_177,Consumer,East,Illinois,Miami,PROD-6588,Office Chair,Furniture,Tables,2488.74,3,0.02,447.97,7.49,UPI,Medium
ORD-10180,2022-06-30,2022-07-02,CUST-674,Customer_285,Consumer,South,New York,Houston,PROD-2847,Storage Box,Furniture,Storage,1728.02,6,0.15,86.4,12.84,COD,High
ORD-10181,2022-07-01,2022-07-03,CUST-963,Customer_63,Home Office,Central,New York,Miami,PROD-7851,Storage Box,Office Supplies,Phones,777.2,3,0.16,31.09,20.71,Credit Card,Low
ORD-10182,2022-07-02,2022-07-04,CUST-842,Customer_150,Corporate,East,Texas,Los Angeles,PROD-8211,Storage Box,Office Supplies,Chairs,2783.2,7,0.07,361.82,77.76,UPI,High
ORD-10183,2022-07-03,2022-07-05,CUST-340,Customer_154,Consumer,South,California,Miami,PROD-8865,Phone,Office Supplies,Accessories,3776.44,9,0.01,717.52,55.09,UPI,Low
ORD-10184,2022-07-04,2022-07-06,CUST-663,Customer_156,Consumer,Central,Illinois,New York City,PROD-4317,Printer,Furniture,Tables,1445.9,3,0.05,216.89,63.39,COD,Low
ORD-10185,2022-07-05,2022-07-07,CUST-195,Customer_49,Corporate,West,New York,Houston,PROD-7811,Desk,Office Supplies,Tables,1133.03,1,0.26,-67.98,63.21,COD,Medium
ORD-10186,2022-07-06,2022-07-08,CUST-833,Customer_84,Consumer,Central,New York,Miami,PROD-1164,Laptop,Technology,Phones,2633.58,6,0.32,-316.03,45.13,COD,High
ORD-10187,2022-07-07,2022-07-09,CUST-584,Customer_177,Corporate,Central,Illinois,Los Angeles,PROD-8060,Monitor,Furniture,Chairs,818.95,1,0.4,-163.79,64.81,UPI,Medium
ORD-10188,2022-07-08,2022-07-10,CUST-506,Customer_148,Corporate,East,California,Houston,PROD-4057,Desk,Office Supplies,Phones,3349.74,1,0.14,200.98,49.69,Credit Card,Medium
ORD-10189,2022-07-09,2022-07-11,CUST-330,Customer_118,Corporate,East,Texas,Los Angeles,PROD-5428,Monitor,Furniture,Phones,3046.45,8,0.24,-121.86,28.59,Credit Card,Medium
ORD-10190,2022-07-10,2022-07-12,CUST-848,Customer_63,Home Office,Central,New York,Chicago,PROD-1402,Office Chair,Technology,Accessories,481.06,9,0.37,-81.78,47.08,COD,Low
ORD-10191,2022-07-11,2022-07-13,CUST-754,Customer_189,Home Office,East,Texas,New York City,PROD-9605,Office Chair,Furniture,Tables,230.78,2,0.07,30.0,45.01,Credit Card,Low
ORD-10192,2022-07-12,2022-07-14,CUST-270,Customer_49,Home Office,East,Florida,Chicago,PROD-9236,Monitor,Office Supplies,Storage,3120.43,9,0.29,-280.84,66.76,UPI,Low
ORD-10193,2022-07-13,2022-07-15,CUST-640,Customer_257,Corporate,East,California,New York City,PROD-7349,Storage Box,Technology,Tables,1506.75,5,0.3,-150.67,78.63,Credit Card,Low
ORD-10194,2022-07-14,2022-07-16,CUST-135,Customer_224,Corporate,South,Florida,Miami,PROD-5157,Desk,Technology,Tables,477.91,8,0.04,76.47,35.83,UPI,High
ORD-10195,2022-07-15,2022-07-17,CUST-624,Customer_141,Home Office,South,Florida,Houston,PROD-1867,Storage Box,Office Supplies,Accessories,3809.17,7,0.34,-533.28,62.25,COD,High
ORD-10196,2022-07-16,2022-07-18,CUST-259,Customer_215,Consumer,Central,Florida,Miami,PROD-9210,Phone,Office Supplies,Storage,1604.52,7,0.33,-208.59,12.48,Credit Card,Low
ORD-10197,2022-07-17,2022-07-19,CUST-938,Customer_211,Corporate,East,California,New York City,PROD-1364,Office Chair,Office Supplies,Chairs,2325.02,4,0.01,441.75,63.26,UPI,Low
ORD-10198,2022-07-18,2022-07-20,CUST-798,Customer_32,Consumer,South,California,New York City,PROD-8467,Office Chair,Furniture,Storage,1222.22,2,0.04,195.56,32.86,COD,High
ORD-10199,2022-07-19,2022-07-21,CUST-342,Customer_158,Consumer,Central,Illinois,New York City,PROD-7571,Desk,Furniture,Chairs,3155.22,5,0.02,567.94,7.95,COD,Medium
ORD-10200,2022-07-20,2022-07-22,CUST-185,Customer_285,Corporate,East,Texas,Los Angeles,PROD-1579,Office Chair,Furniture,Storage,1542.37,3,0.13,107.97,32.24,COD,Medium
ORD-10201,2022-07-21,2022-07-23,CUST-895,Customer_286,Corporate,West,Texas,Houston,PROD-8674,Phone,Office Supplies,Phones,4841.7,9,0.2,0.0,50.8,COD,Low
ORD-10202,2022-07-22,2022-07-24,CUST-677,Customer_144,Consumer,East,Illinois,Miami,PROD-9737,Phone,Office Supplies,Storage,3529.59,6,0.21,-35.3,13.94,Credit Card,Medium
ORD-10203,2022-07-23,2022-07-25,CUST-781,Customer_19,Consumer,East,Illinois,Miami,PROD-7468,Phone,Furniture,Accessories,726.78,1,0.11,65.41,74.3,UPI,Low
ORD-10204,2022-07-24,2022-07-26,CUST-656,Customer_18,Home Office,South,Florida,Chicago,PROD-5150,Laptop,Technology,Chairs,2112.64,3,0.36,-338.02,10.83,Credit Card,Low
ORD-10205,2022-07-25,2022-07-27,CUST-673,Customer_257,Home Office,Central,Illinois,New York City,PROD-4039,Phone,Furniture,Tables,1957.83,4,0.15,97.89,74.75,UPI,Low
ORD-10206,2022-07-26,2022-07-28,CUST-745,Customer_78,Corporate,Central,New York,New York City,PROD-5137,Phone,Technology,Accessories,2694.52,9,0.02,485.01,58.04,COD,High
ORD-10207,2022-07-27,2022-07-29,CUST-895,Customer_175,Home Office,South,Texas,New York City,PROD-1452,Laptop,Office Supplies,Chairs,4217.56,6,0.12,337.4,29.73,Credit Card,Medium
ORD-10208,2022-07-28,2022-07-30,CUST-127,Customer_194,Home Office,East,Illinois,Miami,PROD-7537,Storage Box,Office Supplies,Chairs,2937.94,4,0.21,-29.38,34.31,COD,High
ORD-10209,2022-07-29,2022-07-31,CUST-719,Customer_113,Home Office,West,New York,Chicago,PROD-2381,Printer,Furniture,Tables,354.71,1,0.16,14.19,60.56,UPI,Medium
ORD-10210,2022-07-30,2022-08-01,CUST-655,Customer_114,Home Office,East,New York,Los Angeles,PROD-9154,Office Chair,Furniture,Phones,3294.31,8,0.11,296.49,50.11,COD,High
ORD-10211,2022-07-31,2022-08-02,CUST-439,Customer_222,Consumer,East,New York,Houston,PROD-2467,Phone,Office Supplies,Accessories,90.91,2,0.05,13.64,55.37,Credit Card,High
ORD-10212,2022-08-01,2022-08-03,CUST-897,Customer_166,Corporate,West,New York,Los Angeles,PROD-3738,Office Chair,Furniture,Tables,3910.8,8,0.33,-508.4,34.19,Credit Card,Low
ORD-10213,2022-08-02,2022-08-04,CUST-430,Customer_132,Home Office,South,Florida,Miami,PROD-8572,Desk,Office Supplies,Tables,3349.85,6,0.4,-669.97,41.59,UPI,Low
ORD-10214,2022-08-03,2022-08-05,CUST-739,Customer_264,Consumer,Central,New York,New York City,PROD-7747,Office Chair,Office Supplies,Phones,1578.49,8,0.13,110.49,79.24,UPI,High
ORD-10215,2022-08-04,2022-08-06,CUST-605,Customer_55,Consumer,South,Florida,Houston,PROD-1880,Monitor,Technology,Accessories,1497.59,6,0.15,74.88,21.04,Credit Card,Medium
ORD-10216,2022-08-05,2022-08-07,CUST-447,Customer_131,Consumer,South,Florida,Miami,PROD-4149,Storage Box,Furniture,Tables,4001.45,5,0.25,-200.07,36.34,Credit Card,Medium
ORD-10217,2022-08-06,2022-08-08,CUST-572,Customer_288,Home Office,East,New York,Miami,PROD-9276,Laptop,Office Supplies,Phones,3927.52,5,0.29,-353.48,26.89,Credit Card,Low
ORD-10218,2022-08-07,2022-08-09,CUST-330,Customer_266,Home Office,Central,Texas,Miami,PROD-8892,Office Chair,Furniture,Accessories,1793.9,8,0.16,71.76,62.38,Credit Card,Low
ORD-10219,2022-08-08,2022-08-10,CUST-289,Customer_162,Corporate,Central,New York,Houston,PROD-5144,Office Chair,Technology,Storage,1529.79,7,0.36,-244.77,62.3,UPI,Medium
ORD-10220,2022-08-09,2022-08-11,CUST-324,Customer_87,Home Office,South,New York,Houston,PROD-2168,Office Chair,Technology,Chairs,2821.13,8,0.22,-56.42,26.93,Credit Card,Medium
ORD-10221,2022-08-10,2022-08-12,CUST-484,Customer_55,Home Office,West,New York,Chicago,PROD-4129,Printer,Furniture,Phones,91.41,8,0.18,1.83,11.1,UPI,Medium
ORD-10222,2022-08-11,2022-08-13,CUST-476,Customer_288,Consumer,South,Texas,Chicago,PROD-4645,Printer,Furniture,Chairs,459.2,7,0.26,-27.55,5.86,Credit Card,Low
ORD-10223,2022-08-12,2022-08-14,CUST-382,Customer_178,Corporate,West,California,Los Angeles,PROD-3526,Desk,Office Supplies,Storage,674.54,2,0.38,-121.42,37.06,Credit Card,Medium
ORD-10224,2022-08-13,2022-08-15,CUST-732,Customer_8,Home Office,Central,California,Houston,PROD-4516,Laptop,Technology,Tables,967.79,9,0.32,-116.13,35.78,COD,Low
ORD-10225,2022-08-14,2022-08-16,CUST-727,Customer_247,Home Office,South,Florida,Houston,PROD-4367,Office Chair,Technology,Tables,2584.49,7,0.02,465.21,79.13,COD,High
ORD-10226,2022-08-15,2022-08-17,CUST-844,Customer_255,Consumer,East,Florida,Houston,PROD-8338,Office Chair,Technology,Accessories,4961.6,6,0.13,347.31,40.24,Credit Card,High
ORD-10227,2022-08-16,2022-08-18,CUST-358,Customer_54,Consumer,South,Texas,Chicago,PROD-4555,Office Chair,Furniture,Phones,3280.44,9,0.19,32.8,24.23,UPI,High
ORD-10228,2022-08-17,2022-08-19,CUST-458,Customer_249,Home Office,Central,Illinois,Miami,PROD-6111,Office Chair,Office Supplies,Phones,353.43,1,0.13,24.74,71.84,Credit Card,Medium
ORD-10229,2022-08-18,2022-08-20,CUST-809,Customer_239,Corporate,East,California,New York City,PROD-7752,Printer,Furniture,Accessories,2651.62,2,0.28,-212.13,41.83,COD,Low
ORD-10230,2022-08-19,2022-08-21,CUST-555,Customer_229,Corporate,East,Florida,Chicago,PROD-1445,Storage Box,Furniture,Chairs,2508.39,1,0.33,-326.09,49.94,Credit Card,Medium
ORD-10231,2022-08-20,2022-08-22,CUST-510,Customer_67,Consumer,West,California,Houston,PROD-7364,Storage Box,Furniture,Tables,763.63,3,0.29,-68.73,12.18,COD,Low
ORD-10232,2022-08-21,2022-08-23,CUST-748,Customer_51,Consumer,East,Texas,Chicago,PROD-4626,Desk,Office Supplies,Tables,4605.35,5,0.4,-921.07,33.72,Credit Card,Medium
ORD-10233,2022-08-22,2022-08-24,CUST-417,Customer_97,Home Office,East,Texas,Los Angeles,PROD-5016,Monitor,Furniture,Phones,2231.79,1,0.11,200.86,75.82,Credit Card,High
ORD-10234,2022-08-23,2022-08-25,CUST-776,Customer_92,Consumer,South,Illinois,Houston,PROD-4875,Phone,Technology,Phones,4973.07,4,0.35,-745.96,49.21,UPI,Low
ORD-10235,2022-08-24,2022-08-26,CUST-324,Customer_264,Home Office,Central,Illinois,Los Angeles,PROD-6497,Laptop,Technology,Accessories,2129.36,8,0.31,-234.23,30.84,COD,Medium
ORD-10236,2022-08-25,2022-08-27,CUST-918,Customer_291,Corporate,West,Texas,Houston,PROD-7238,Storage Box,Technology,Storage,3059.39,6,0.14,183.56,51.93,COD,Low
ORD-10237,2022-08-26,2022-08-28,CUST-333,Customer_96,Corporate,South,Florida,Chicago,PROD-1261,Monitor,Office Supplies,Chairs,568.57,1,0.29,-51.17,73.28,COD,Low
ORD-10238,2022-08-27,2022-08-29,CUST-783,Customer_88,Home Office,East,California,Miami,PROD-5992,Office Chair,Furniture,Storage,2298.43,1,0.04,367.75,25.55,UPI,Medium
ORD-10239,2022-08-28,2022-08-30,CUST-763,Customer_78,Consumer,East,New York,New York City,PROD-5025,Storage Box,Office Supplies,Storage,1231.89,3,0.32,-147.83,42.88,Credit Card,Medium
ORD-10240,2022-08-29,2022-08-31,CUST-926,Customer_288,Corporate,West,Illinois,Los Angeles,PROD-9283,Desk,Furniture,Phones,4186.05,8,0.21,-41.86,76.9,UPI,Low
ORD-10241,2022-08-30,2022-09-01,CUST-473,Customer_120,Consumer,Central,New York,Chicago,PROD-5222,Phone,Technology,Phones,3930.4,8,0.12,314.43,17.93,Credit Card,Low
ORD-10242,2022-08-31,2022-09-02,CUST-771,Customer_165,Corporate,West,Florida,Miami,PROD-5175,Storage Box,Furniture,Phones,4129.69,3,0.26,-247.78,58.97,UPI,High
ORD-10243,2022-09-01,2022-09-03,CUST-707,Customer_182,Home Office,South,Illinois,Chicago,PROD-4443,Desk,Furniture,Storage,3631.87,7,0.26,-217.91,51.09,UPI,Low
ORD-10244,2022-09-02,2022-09-04,CUST-571,Customer_223,Home Office,West,New York,Los Angeles,PROD-6011,Printer,Furniture,Chairs,4171.78,3,0.08,500.61,55.98,COD,High
ORD-10245,2022-09-03,2022-09-05,CUST-332,Customer_7,Home Office,East,Florida,New York City,PROD-1693,Phone,Office Supplies,Phones,1044.1,4,0.01,198.38,31.34,UPI,High
ORD-10246,2022-09-04,2022-09-06,CUST-791,Customer_263,Corporate,South,California,Chicago,PROD-9347,Desk,Furniture,Tables,2287.62,9,0.17,68.63,28.54,Credit Card,High
ORD-10247,2022-09-05,2022-09-07,CUST-212,Customer_161,Consumer,East,Florida,Houston,PROD-2812,Monitor,Furniture,Chairs,3474.64,4,0.23,-104.24,56.32,UPI,Low
ORD-10248,2022-09-06,2022-09-08,CUST-929,Customer_151,Consumer,Central,Illinois,Miami,PROD-6724,Storage Box,Furniture,Tables,3205.09,3,0.35,-480.76,21.17,UPI,High
ORD-10249,2022-09-07,2022-09-09,CUST-596,Customer_85,Consumer,East,Texas,Chicago,PROD-2407,Printer,Office Supplies,Chairs,3595.95,5,0.37,-611.31,36.47,Credit Card,Low
ORD-10250,2022-09-08,2022-09-10,CUST-541,Customer_147,Corporate,East,California,Miami,PROD-9032,Monitor,Office Supplies,Phones,1160.08,7,0.21,-11.6,19.11,COD,Low
ORD-10251,2022-09-09,2022-09-11,CUST-663,Customer_112,Corporate,West,New York,Houston,PROD-2410,Desk,Office Supplies,Accessories,537.25,5,0.3,-53.72,5.62,Credit Card,Medium
ORD-10252,2022-09-10,2022-09-12,CUST-367,Customer_36,Corporate,East,Illinois,New York City,PROD-4497,Desk,Furniture,Phones,4588.19,4,0.18,91.76,77.75,Credit Card,Low
ORD-10253,2022-09-11,2022-09-13,CUST-609,Customer_285,Corporate,South,Texas,New York City,PROD-5372,Monitor,Technology,Storage,2822.85,8,0.3,-282.28,37.38,Credit Card,Low
ORD-10254,2022-09-12,2022-09-14,CUST-906,Customer_188,Corporate,South,Florida,Houston,PROD-8394,Storage Box,Technology,Storage,811.44,4,0.08,97.37,77.7,UPI,High
ORD-10255,2022-09-13,2022-09-15,CUST-485,Customer_82,Consumer,Central,Texas,Miami,PROD-1551,Phone,Technology,Chairs,3977.51,2,0.15,198.88,15.52,UPI,Low
ORD-10256,2022-09-14,2022-09-16,CUST-486,Customer_2,Corporate,South,Illinois,Chicago,PROD-5332,Printer,Furniture,Storage,4578.9,6,0.25,-228.94,49.05,Credit Card,Low
ORD-10257,2022-09-15,2022-09-17,CUST-212,Customer_197,Corporate,West,Illinois,Houston,PROD-1997,Office Chair,Technology,Phones,889.34,2,0.01,168.97,20.07,Credit Card,Medium
ORD-10258,2022-09-16,2022-09-18,CUST-712,Customer_11,Consumer,Central,Texas,Los Angeles,PROD-5076,Laptop,Technology,Tables,4096.19,3,0.29,-368.66,64.26,COD,Medium
ORD-10259,2022-09-17,2022-09-19,CUST-724,Customer_234,Corporate,South,Florida,Miami,PROD-7099,Phone,Technology,Phones,4669.46,1,0.33,-607.03,63.78,UPI,High
ORD-10260,2022-09-18,2022-09-20,CUST-180,Customer_195,Consumer,West,Texas,New York City,PROD-6555,Printer,Furniture,Chairs,4694.89,5,0.16,187.8,13.45,UPI,High
ORD-10261,2022-09-19,2022-09-21,CUST-798,Customer_119,Consumer,South,Illinois,Houston,PROD-5052,Monitor,Technology,Storage,4575.07,9,0.18,91.5,73.4,UPI,Medium
ORD-10262,2022-09-20,2022-09-22,CUST-212,Customer_20,Home Office,South,Illinois,New York City,PROD-6303,Desk,Technology,Tables,2754.78,2,0.34,-385.67,19.6,UPI,Medium
ORD-10263,2022-09-21,2022-09-23,CUST-101,Customer_261,Home Office,East,New York,Miami,PROD-9118,Monitor,Furniture,Accessories,1813.25,7,0.31,-199.46,50.97,Credit Card,Low
ORD-10264,2022-09-22,2022-09-24,CUST-741,Customer_293,Home Office,South,New York,New York City,PROD-7102,Printer,Office Supplies,Tables,86.0,5,0.12,6.88,78.92,Credit Card,High
ORD-10265,2022-09-23,2022-09-25,CUST-319,Customer_256,Home Office,South,California,Houston,PROD-6490,Monitor,Technology,Tables,351.52,2,0.13,24.61,71.18,COD,High
ORD-10266,2022-09-24,2022-09-26,CUST-665,Customer_222,Corporate,West,Illinois,Miami,PROD-9564,Monitor,Office Supplies,Phones,2172.75,8,0.27,-152.09,76.74,UPI,Low
ORD-10267,2022-09-25,2022-09-27,CUST-954,Customer_226,Home Office,West,New York,Los Angeles,PROD-6616,Laptop,Technology,Accessories,2026.66,6,0.23,-60.8,30.69,UPI,Low
ORD-10268,2022-09-26,2022-09-28,CUST-835,Customer_53,Consumer,East,Texas,Houston,PROD-3248,Storage Box,Furniture,Chairs,964.33,4,0.06,135.01,12.92,Credit Card,High
ORD-10269,2022-09-27,2022-09-29,CUST-324,Customer_280,Corporate,South,Florida,Chicago,PROD-1848,Laptop,Office Supplies,Chairs,2007.63,4,0.12,160.61,19.13,COD,Medium
ORD-10270,2022-09-28,2022-09-30,CUST-484,Customer_81,Home Office,East,Texas,Houston,PROD-7354,Office Chair,Office Supplies,Tables,914.52,2,0.36,-146.32,42.54,Credit Card,Medium
ORD-10271,2022-09-29,2022-10-01,CUST-502,Customer_202,Consumer,South,Florida,Miami,PROD-9695,Office Chair,Office Supplies,Tables,4251.52,3,0.28,-340.12,64.49,UPI,Low
ORD-10272,2022-09-30,2022-10-02,CUST-737,Customer_158,Corporate,Central,New York,Houston,PROD-9070,Laptop,Office Supplies,Storage,1526.06,7,0.39,-289.95,16.26,UPI,High
ORD-10273,2022-10-01,2022-10-03,CUST-229,Customer_120,Corporate,Central,California,Los Angeles,PROD-9894,Phone,Technology,Accessories,3012.89,3,0.31,-331.42,54.48,COD,Low
ORD-10274,2022-10-02,2022-10-04,CUST-152,Customer_59,Home Office,East,Texas,Los Angeles,PROD-4625,Phone,Technology,Tables,2539.07,5,0.38,-457.03,29.27,Credit Card,Medium
ORD-10275,2022-10-03,2022-10-05,CUST-783,Customer_215,Corporate,East,Texas,Chicago,PROD-1314,Monitor,Office Supplies,Storage,306.82,6,0.09,33.75,30.59,UPI,Medium
ORD-10276,2022-10-04,2022-10-06,CUST-829,Customer_128,Consumer,East,Texas,New York City,PROD-3376,Monitor,Technology,Accessories,4714.06,6,0.31,-518.55,54.64,UPI,Low
ORD-10277,2022-10-05,2022-10-07,CUST-771,Customer_224,Corporate,West,Florida,Miami,PROD-5378,Desk,Office Supplies,Chairs,2659.77,4,0.01,505.36,40.02,COD,Medium
ORD-10278,2022-10-06,2022-10-08,CUST-809,Customer_209,Consumer,West,New York,Miami,PROD-9449,Office Chair,Office Supplies,Storage,1659.04,6,0.27,-116.13,65.9,UPI,High
ORD-10279,2022-10-07,2022-10-09,CUST-515,Customer_115,Corporate,West,Texas,New York City,PROD-1574,Desk,Furniture,Accessories,832.73,3,0.19,8.33,16.69,UPI,Low
ORD-10280,2022-10-08,2022-10-10,CUST-346,Customer_209,Home Office,East,Texas,Los Angeles,PROD-6585,Office Chair,Office Supplies,Storage,1725.71,7,0.14,103.54,64.25,Credit Card,Low
ORD-10281,2022-10-09,2022-10-11,CUST-935,Customer_14,Consumer,South,California,Los Angeles,PROD-6492,Laptop,Technology,Tables,151.53,7,0.34,-21.21,9.82,COD,Low
ORD-10282,2022-10-10,2022-10-12,CUST-538,Customer_9,Corporate,Central,California,Houston,PROD-9949,Phone,Office Supplies,Phones,1849.61,4,0.34,-258.95,19.55,COD,Medium
ORD-10283,2022-10-11,2022-10-13,CUST-302,Customer_40,Corporate,East,New York,Chicago,PROD-3810,Monitor,Furniture,Chairs,2680.86,2,0.01,509.36,54.21,COD,High
ORD-10284,2022-10-12,2022-10-14,CUST-283,Customer_237,Corporate,West,New York,Chicago,PROD-9134,Phone,Technology,Tables,4365.74,7,0.24,-174.63,69.12,Credit Card,Low
ORD-10285,2022-10-13,2022-10-15,CUST-222,Customer_281,Consumer,West,Illinois,Chicago,PROD-6670,Laptop,Furniture,Tables,3452.5,3,0.15,172.63,23.95,COD,Low
ORD-10286,2022-10-14,2022-10-16,CUST-500,Customer_201,Consumer,East,California,Houston,PROD-8715,Desk,Furniture,Accessories,602.33,1,0.17,18.07,29.54,UPI,Medium
ORD-10287,2022-10-15,2022-10-17,CUST-866,Customer_246,Consumer,East,Illinois,Chicago,PROD-7567,Desk,Office Supplies,Storage,781.34,2,0.33,-101.57,45.28,COD,High
ORD-10288,2022-10-16,2022-10-18,CUST-393,Customer_278,Home Office,West,Florida,New York City,PROD-4459,Printer,Furniture,Chairs,2169.21,9,0.12,173.54,20.87,UPI,Low
ORD-10289,2022-10-17,2022-10-19,CUST-379,Customer_235,Home Office,South,Illinois,Houston,PROD-7117,Monitor,Furniture,Tables,1018.75,8,0.38,-183.38,65.84,COD,Medium
ORD-10290,2022-10-18,2022-10-20,CUST-936,Customer_4,Consumer,West,Texas,New York City,PROD-4992,Monitor,Technology,Accessories,187.86,6,0.07,24.42,63.02,COD,Low
ORD-10291,2022-10-19,2022-10-21,CUST-983,Customer_154,Corporate,West,Illinois,Houston,PROD-8837,Monitor,Furniture,Chairs,4034.82,6,0.27,-282.44,15.9,Credit Card,Medium
ORD-10292,2022-10-20,2022-10-22,CUST-709,Customer_29,Home Office,East,New York,Chicago,PROD-1203,Office Chair,Office Supplies,Storage,146.64,1,0.27,-10.26,39.79,COD,High
ORD-10293,2022-10-21,2022-10-23,CUST-297,Customer_109,Consumer,South,Florida,New York City,PROD-3775,Desk,Office Supplies,Tables,4161.91,2,0.1,416.19,63.11,COD,Medium
ORD-10294,2022-10-22,2022-10-24,CUST-610,Customer_98,Corporate,West,Texas,New York City,PROD-2992,Laptop,Office Supplies,Tables,763.31,4,0.13,53.43,30.3,Credit Card,Low
ORD-10295,2022-10-23,2022-10-25,CUST-851,Customer_215,Home Office,West,Illinois,New York City,PROD-3243,Desk,Furniture,Tables,4874.66,3,0.33,-633.71,52.48,UPI,Low
ORD-10296,2022-10-24,2022-10-26,CUST-243,Customer_293,Corporate,Central,Florida,Houston,PROD-9498,Phone,Technology,Chairs,3039.18,1,0.3,-303.92,8.77,COD,Medium
ORD-10297,2022-10-25,2022-10-27,CUST-708,Customer_75,Corporate,East,Florida,Miami,PROD-2687,Office Chair,Office Supplies,Chairs,3688.17,8,0.13,258.17,50.65,COD,High
ORD-10298,2022-10-26,2022-10-28,CUST-300,Customer_146,Corporate,Central,Texas,Chicago,PROD-5109,Monitor,Furniture,Chairs,596.89,7,0.21,-5.97,16.45,UPI,High
ORD-10299,2022-10-27,2022-10-29,CUST-223,Customer_128,Corporate,Central,Illinois,New York City,PROD-2860,Storage Box,Office Supplies,Chairs,4317.42,4,0.02,777.14,67.29,Credit Card,Low
ORD-10300,2022-10-28,2022-10-30,CUST-286,Customer_42,Home Office,West,Florida,Miami,PROD-6176,Printer,Office Supplies,Accessories,4204.0,9,0.08,504.48,31.66,COD,Low
ORD-10301,2022-10-29,2022-10-31,CUST-425,Customer_41,Home Office,East,Florida,Chicago,PROD-1722,Office Chair,Technology,Phones,3282.31,4,0.19,32.82,26.12,Credit Card,Medium
ORD-10302,2022-10-30,2022-11-01,CUST-563,Customer_34,Home Office,South,California,Chicago,PROD-9971,Phone,Office Supplies,Accessories,2536.26,1,0.03,431.16,68.07,UPI,Medium
ORD-10303,2022-10-31,2022-11-02,CUST-448,Customer_17,Consumer,West,Florida,New York City,PROD-9720,Monitor,Technology,Tables,3621.37,1,0.34,-506.99,8.76,UPI,Medium
ORD-10304,2022-11-01,2022-11-03,CUST-870,Customer_165,Home Office,South,California,New York City,PROD-5893,Phone,Furniture,Accessories,79.34,1,0.29,-7.14,34.75,Credit Card,High
ORD-10305,2022-11-02,2022-11-04,CUST-759,Customer_153,Corporate,South,Illinois,Houston,PROD-1343,Phone,Office Supplies,Storage,2982.58,1,0.38,-536.86,32.75,UPI,High
ORD-10306,2022-11-03,2022-11-05,CUST-863,Customer_76,Home Office,East,Illinois,Miami,PROD-6398,Monitor,Furniture,Chairs,4244.66,4,0.28,-339.57,26.36,UPI,Low
ORD-10307,2022-11-04,2022-11-06,CUST-502,Customer_87,Corporate,Central,Illinois,Miami,PROD-9400,Phone,Furniture,Storage,1816.65,1,0.38,-327.0,73.38,COD,Low
ORD-10308,2022-11-05,2022-11-07,CUST-445,Customer_117,Consumer,East,New York,New York City,PROD-5736,Laptop,Furniture,Storage,586.03,2,0.22,-11.72,61.32,Credit Card,Low
ORD-10309,2022-11-06,2022-11-08,CUST-610,Customer_27,Corporate,South,Illinois,Chicago,PROD-4406,Printer,Office Supplies,Tables,2133.34,4,0.24,-85.33,9.79,COD,Medium
ORD-10310,2022-11-07,2022-11-09,CUST-246,Customer_287,Corporate,West,Florida,New York City,PROD-1919,Storage Box,Technology,Chairs,3649.17,7,0.39,-693.34,58.6,Credit Card,High
ORD-10311,2022-11-08,2022-11-10,CUST-247,Customer_134,Corporate,South,Texas,Chicago,PROD-6819,Phone,Office Supplies,Storage,581.14,2,0.26,-34.87,44.55,COD,Low
ORD-10312,2022-11-09,2022-11-11,CUST-963,Customer_219,Consumer,West,California,Chicago,PROD-3044,Phone,Furniture,Tables,1069.94,8,0.01,203.29,72.57,UPI,Low
ORD-10313,2022-11-10,2022-11-12,CUST-810,Customer_168,Home Office,West,New York,New York City,PROD-1418,Desk,Technology,Chairs,780.38,7,0.29,-70.23,28.47,Credit Card,Low
ORD-10314,2022-11-11,2022-11-13,CUST-919,Customer_98,Home Office,East,Illinois,Los Angeles,PROD-2749,Printer,Furniture,Phones,3994.89,9,0.36,-639.18,48.06,Credit Card,Low
ORD-10315,2022-11-12,2022-11-14,CUST-588,Customer_268,Consumer,South,Illinois,Miami,PROD-8378,Office Chair,Technology,Tables,361.32,6,0.32,-43.36,42.56,Credit Card,Low
ORD-10316,2022-11-13,2022-11-15,CUST-739,Customer_237,Corporate,Central,Texas,Chicago,PROD-2099,Printer,Office Supplies,Accessories,3448.6,4,0.23,-103.46,41.72,Credit Card,Low
ORD-10317,2022-11-14,2022-11-16,CUST-650,Customer_173,Home Office,South,Texas,Chicago,PROD-4392,Printer,Technology,Chairs,1863.96,6,0.27,-130.48,39.21,UPI,High
ORD-10318,2022-11-15,2022-11-17,CUST-437,Customer_190,Consumer,South,New York,Los Angeles,PROD-3772,Monitor,Office Supplies,Storage,3791.17,4,0.4,-758.23,20.42,UPI,Low
ORD-10319,2022-11-16,2022-11-18,CUST-971,Customer_122,Home Office,Central,California,Houston,PROD-7784,Monitor,Furniture,Storage,4823.7,7,0.04,771.79,61.68,UPI,High
ORD-10320,2022-11-17,2022-11-19,CUST-740,Customer_46,Consumer,East,Illinois,Los Angeles,PROD-2545,Monitor,Technology,Accessories,617.0,9,0.27,-43.19,38.85,COD,Medium
ORD-10321,2022-11-18,2022-11-20,CUST-878,Customer_64,Corporate,South,New York,Los Angeles,PROD-2070,Storage Box,Furniture,Accessories,1606.21,3,0.11,144.56,76.89,UPI,High
ORD-10322,2022-11-19,2022-11-21,CUST-572,Customer_130,Home Office,South,Florida,Chicago,PROD-7522,Printer,Technology,Storage,4060.12,3,0.26,-243.61,24.56,COD,Medium
ORD-10323,2022-11-20,2022-11-22,CUST-250,Customer_193,Consumer,West,Florida,Miami,PROD-2850,Storage Box,Office Supplies,Chairs,1367.48,2,0.24,-54.7,56.21,COD,High
ORD-10324,2022-11-21,2022-11-23,CUST-514,Customer_181,Home Office,South,New York,Los Angeles,PROD-6053,Phone,Technology,Tables,1114.85,1,0.06,156.08,75.55,UPI,High
ORD-10325,2022-11-22,2022-11-24,CUST-397,Customer_292,Home Office,Central,Illinois,Houston,PROD-3939,Monitor,Technology,Accessories,4135.62,1,0.08,496.27,54.76,UPI,Low
ORD-10326,2022-11-23,2022-11-25,CUST-710,Customer_282,Home Office,West,New York,New York City,PROD-8194,Phone,Office Supplies,Accessories,4936.06,3,0.25,-246.8,70.35,UPI,High
ORD-10327,2022-11-24,2022-11-26,CUST-362,Customer_29,Home Office,East,Illinois,Los Angeles,PROD-6851,Monitor,Office Supplies,Accessories,2806.56,7,0.05,420.98,67.06,COD,High
ORD-10328,2022-11-25,2022-11-27,CUST-863,Customer_149,Consumer,West,Texas,Los Angeles,PROD-7673,Laptop,Office Supplies,Phones,1426.34,9,0.11,128.37,32.01,Credit Card,Low
ORD-10329,2022-11-26,2022-11-28,CUST-243,Customer_267,Corporate,Central,New York,Houston,PROD-1678,Storage Box,Technology,Chairs,2022.9,2,0.33,-262.98,50.01,UPI,Medium
ORD-10330,2022-11-27,2022-11-29,CUST-445,Customer_296,Consumer,Central,Illinois,Miami,PROD-1988,Storage Box,Furniture,Chairs,892.15,7,0.13,62.45,16.72,COD,Low
ORD-10331,2022-11-28,2022-11-30,CUST-723,Customer_11,Consumer,West,New York,Los Angeles,PROD-2502,Office Chair,Technology,Chairs,3821.34,1,0.2,0.0,45.16,COD,Low
ORD-10332,2022-11-29,2022-12-01,CUST-671,Customer_164,Consumer,East,New York,Los Angeles,PROD-2789,Desk,Technology,Chairs,3878.7,2,0.38,-698.17,22.28,UPI,Low
ORD-10333,2022-11-30,2022-12-02,CUST-980,Customer_113,Corporate,West,Illinois,Miami,PROD-6281,Printer,Furniture,Chairs,4381.85,6,0.09,482.0,60.78,COD,Medium
ORD-10334,2022-12-01,2022-12-03,CUST-101,Customer_187,Home Office,East,Illinois,Houston,PROD-6027,Office Chair,Office Supplies,Storage,181.68,5,0.16,7.27,44.6,UPI,High
ORD-10335,2022-12-02,2022-12-04,CUST-996,Customer_295,Home Office,West,California,Los Angeles,PROD-2425,Storage Box,Technology,Accessories,2831.81,8,0.24,-113.27,35.84,COD,High
ORD-10336,2022-12-03,2022-12-05,CUST-403,Customer_232,Home Office,Central,New York,Miami,PROD-7654,Office Chair,Furniture,Storage,1110.56,2,0.3,-111.06,25.16,Credit Card,Low
ORD-10337,2022-12-04,2022-12-06,CUST-353,Customer_227,Corporate,South,Florida,Los Angeles,PROD-3440,Laptop,Office Supplies,Phones,1737.37,1,0.36,-277.98,79.9,COD,Low
ORD-10338,2022-12-05,2022-12-07,CUST-751,Customer_98,Home Office,South,New York,New York City,PROD-7856,Desk,Office Supplies,Tables,3935.53,7,0.37,-669.04,10.38,UPI,High
ORD-10339,2022-12-06,2022-12-08,CUST-552,Customer_55,Corporate,East,New York,Chicago,PROD-8367,Storage Box,Technology,Accessories,1000.57,6,0.31,-110.06,8.27,Credit Card,High
ORD-10340,2022-12-07,2022-12-09,CUST-136,Customer_111,Home Office,East,Illinois,New York City,PROD-3594,Storage Box,Office Supplies,Phones,3209.79,8,0.09,353.08,21.29,UPI,High
ORD-10341,2022-12-08,2022-12-10,CUST-259,Customer_152,Home Office,East,New York,Los Angeles,PROD-5689,Printer,Office Supplies,Storage,3290.1,8,0.01,625.12,77.83,COD,Medium
ORD-10342,2022-12-09,2022-12-11,CUST-108,Customer_246,Consumer,Central,New York,Houston,PROD-3436,Monitor,Furniture,Tables,4772.76,2,0.15,238.64,78.44,Credit Card,Medium
ORD-10343,2022-12-10,2022-12-12,CUST-332,Customer_69,Corporate,West,Florida,Chicago,PROD-6517,Desk,Furniture,Phones,3887.05,8,0.06,544.19,54.12,Credit Card,Low
ORD-10344,2022-12-11,2022-12-13,CUST-198,Customer_289,Consumer,Central,Illinois,New York City,PROD-7310,Laptop,Office Supplies,Tables,4027.99,6,0.28,-322.24,71.01,COD,Medium
ORD-10345,2022-12-12,2022-12-14,CUST-758,Customer_250,Consumer,South,New York,Miami,PROD-4539,Phone,Furniture,Phones,2681.42,9,0.26,-160.89,21.05,Credit Card,Low
ORD-10346,2022-12-13,2022-12-15,CUST-915,Customer_36,Consumer,East,Texas,Houston,PROD-4483,Office Chair,Office Supplies,Storage,974.56,7,0.02,175.42,77.9,Credit Card,High
ORD-10347,2022-12-14,2022-12-16,CUST-307,Customer_239,Corporate,West,California,New York City,PROD-8371,Printer,Technology,Tables,2156.54,2,0.33,-280.35,15.71,Credit Card,High
ORD-10348,2022-12-15,2022-12-17,CUST-230,Customer_148,Corporate,South,Florida,Miami,PROD-3241,Storage Box,Furniture,Phones,2769.97,8,0.1,277.0,12.58,UPI,Low
ORD-10349,2022-12-16,2022-12-18,CUST-503,Customer_227,Home Office,South,New York,Los Angeles,PROD-7378,Phone,Office Supplies,Storage,3408.18,9,0.17,102.25,13.42,UPI,High
ORD-10350,2022-12-17,2022-12-19,CUST-251,Customer_244,Consumer,South,Texas,Miami,PROD-3765,Laptop,Office Supplies,Accessories,3058.16,7,0.27,-214.07,47.98,Credit Card,Low
ORD-10351,2022-12-18,2022-12-20,CUST-153,Customer_201,Home Office,Central,New York,New York City,PROD-5911,Desk,Furniture,Storage,2000.19,4,0.17,60.01,63.57,COD,Low
ORD-10352,2022-12-19,2022-12-21,CUST-219,Customer_154,Consumer,East,New York,New York City,PROD-1403,Office Chair,Furniture,Storage,1363.3,9,0.18,27.27,32.5,COD,Low
ORD-10353,2022-12-20,2022-12-22,CUST-772,Customer_73,Corporate,South,Illinois,Los Angeles,PROD-4382,Printer,Technology,Accessories,882.74,4,0.03,150.07,78.34,UPI,Medium
ORD-10354,2022-12-21,2022-12-23,CUST-727,Customer_201,Corporate,East,Illinois,Miami,PROD-5163,Storage Box,Office Supplies,Storage,3484.53,4,0.16,139.38,37.58,COD,Low
ORD-10355,2022-12-22,2022-12-24,CUST-686,Customer_296,Corporate,Central,Illinois,Miami,PROD-8630,Storage Box,Technology,Accessories,3244.72,9,0.31,-356.92,16.28,Credit Card,Low
ORD-10356,2022-12-23,2022-12-25,CUST-724,Customer_17,Consumer,South,Texas,Los Angeles,PROD-1087,Phone,Technology,Accessories,3452.49,8,0.37,-586.92,39.95,COD,Low
ORD-10357,2022-12-24,2022-12-26,CUST-519,Customer_129,Corporate,Central,New York,Miami,PROD-6816,Phone,Technology,Accessories,1894.01,4,0.17,56.82,55.93,UPI,Medium
ORD-10358,2022-12-25,2022-12-27,CUST-521,Customer_217,Consumer,Central,California,Los Angeles,PROD-6470,Office Chair,Furniture,Phones,1348.92,8,0.17,40.47,67.42,UPI,High
ORD-10359,2022-12-26,2022-12-28,CUST-203,Customer_61,Home Office,East,Florida,Houston,PROD-7276,Desk,Technology,Tables,3810.62,8,0.28,-304.85,39.41,Credit Card,Medium
ORD-10360,2022-12-27,2022-12-29,CUST-951,Customer_104,Consumer,South,Illinois,New York City,PROD-6739,Laptop,Furniture,Phones,3879.55,7,0.38,-698.32,49.52,UPI,Low
ORD-10361,2022-12-28,2022-12-30,CUST-353,Customer_42,Home Office,Central,Illinois,Houston,PROD-5273,Monitor,Furniture,Accessories,2305.3,6,0.11,207.48,25.05,UPI,Medium
ORD-10362,2022-12-29,2022-12-31,CUST-326,Customer_25,Consumer,South,New York,Chicago,PROD-7523,Desk,Technology,Tables,3078.93,8,0.18,61.58,53.44,UPI,High
ORD-10363,2022-12-30,2023-01-01,CUST-211,Customer_39,Home Office,East,New York,Chicago,PROD-6003,Desk,Technology,Tables,1898.92,7,0.32,-227.87,78.95,COD,High
ORD-10364,2022-12-31,2023-01-02,CUST-609,Customer_291,Corporate,Central,Texas,Chicago,PROD-9038,Desk,Office Supplies,Accessories,3524.64,5,0.24,-140.99,8.68,UPI,Low
ORD-10365,2023-01-01,2023-01-03,CUST-572,Customer_131,Home Office,East,Texas,Los Angeles,PROD-7606,Monitor,Technology,Tables,4186.82,4,0.04,669.89,71.49,COD,High
ORD-10366,2023-01-02,2023-01-04,CUST-198,Customer_229,Corporate,South,Illinois,Miami,PROD-3064,Office Chair,Office Supplies,Tables,3456.75,2,0.25,-172.84,47.17,UPI,Medium
ORD-10367,2023-01-03,2023-01-05,CUST-252,Customer_108,Corporate,South,New York,Houston,PROD-6315,Monitor,Technology,Phones,2587.28,8,0.07,336.35,23.91,UPI,Medium
ORD-10368,2023-01-04,2023-01-06,CUST-960,Customer_172,Home Office,East,California,Houston,PROD-1317,Office Chair,Technology,Tables,2320.36,9,0.2,0.0,76.62,COD,High
ORD-10369,2023-01-05,2023-01-07,CUST-995,Customer_102,Consumer,West,Florida,Houston,PROD-2502,Monitor,Technology,Accessories,3229.48,4,0.21,-32.29,41.25,COD,Low
ORD-10370,2023-01-06,2023-01-08,CUST-977,Customer_12,Consumer,Central,New York,Houston,PROD-7130,Laptop,Technology,Chairs,3415.06,4,0.35,-512.26,29.88,Credit Card,Low
ORD-10371,2023-01-07,2023-01-09,CUST-437,Customer_275,Consumer,South,New York,Chicago,PROD-8419,Desk,Office Supplies,Chairs,2815.71,5,0.18,56.31,18.61,Credit Card,Medium
ORD-10372,2023-01-08,2023-01-10,CUST-805,Customer_101,Consumer,South,Texas,Houston,PROD-3042,Office Chair,Office Supplies,Chairs,3143.46,2,0.11,282.91,23.33,COD,High
ORD-10373,2023-01-09,2023-01-11,CUST-921,Customer_44,Consumer,Central,Florida,Miami,PROD-5598,Monitor,Technology,Accessories,528.11,7,0.09,58.09,67.46,UPI,Medium
ORD-10374,2023-01-10,2023-01-12,CUST-262,Customer_17,Corporate,East,Illinois,Chicago,PROD-1118,Laptop,Technology,Chairs,4761.24,5,0.35,-714.19,51.08,Credit Card,Medium
ORD-10375,2023-01-11,2023-01-13,CUST-819,Customer_57,Consumer,East,New York,Houston,PROD-1709,Monitor,Office Supplies,Phones,3964.33,6,0.07,515.36,73.49,COD,Medium
ORD-10376,2023-01-12,2023-01-14,CUST-780,Customer_12,Corporate,East,Illinois,Los Angeles,PROD-4557,Storage Box,Furniture,Accessories,1900.94,4,0.17,57.03,22.4,COD,Low
ORD-10377,2023-01-13,2023-01-15,CUST-260,Customer_80,Corporate,West,New York,New York City,PROD-4250,Laptop,Furniture,Accessories,2835.92,8,0.07,368.67,14.09,UPI,High
ORD-10378,2023-01-14,2023-01-16,CUST-679,Customer_216,Corporate,West,Illinois,New York City,PROD-9061,Desk,Furniture,Accessories,284.26,8,0.31,-31.27,5.46,COD,High
ORD-10379,2023-01-15,2023-01-17,CUST-900,Customer_264,Home Office,South,Florida,New York City,PROD-9609,Printer,Office Supplies,Tables,254.08,5,0.19,2.54,43.09,Credit Card,Low
ORD-10380,2023-01-16,2023-01-18,CUST-497,Customer_149,Home Office,East,Texas,Chicago,PROD-3603,Desk,Office Supplies,Tables,1291.45,6,0.14,77.49,79.87,UPI,Medium
ORD-10381,2023-01-17,2023-01-19,CUST-376,Customer_81,Corporate,Central,Florida,Houston,PROD-2101,Printer,Furniture,Tables,3464.02,3,0.14,207.84,57.12,COD,Medium
ORD-10382,2023-01-18,2023-01-20,CUST-915,Customer_215,Home Office,South,California,Chicago,PROD-5421,Laptop,Furniture,Storage,4268.13,1,0.34,-597.54,28.13,COD,Low
ORD-10383,2023-01-19,2023-01-21,CUST-603,Customer_198,Consumer,Central,Texas,Miami,PROD-8857,Storage Box,Technology,Phones,2817.97,9,0.22,-56.36,70.76,UPI,High
ORD-10384,2023-01-20,2023-01-22,CUST-995,Customer_200,Consumer,South,Florida,Los Angeles,PROD-9177,Storage Box,Office Supplies,Accessories,2684.06,9,0.29,-241.57,63.63,UPI,Low
ORD-10385,2023-01-21,2023-01-23,CUST-491,Customer_25,Corporate,West,California,Los Angeles,PROD-7082,Office Chair,Office Supplies,Accessories,2041.43,3,0.36,-326.63,6.16,UPI,High
ORD-10386,2023-01-22,2023-01-24,CUST-234,Customer_89,Consumer,South,New York,New York City,PROD-7658,Storage Box,Furniture,Tables,849.91,4,0.36,-135.99,66.26,Credit Card,High
ORD-10387,2023-01-23,2023-01-25,CUST-294,Customer_268,Corporate,West,New York,New York City,PROD-3261,Phone,Furniture,Accessories,635.85,7,0.13,44.51,27.54,Credit Card,High
ORD-10388,2023-01-24,2023-01-26,CUST-500,Customer_143,Corporate,South,Illinois,New York City,PROD-9021,Laptop,Office Supplies,Accessories,3815.36,2,0.38,-686.76,16.23,COD,Medium
ORD-10389,2023-01-25,2023-01-27,CUST-739,Customer_59,Consumer,East,Texas,Houston,PROD-1508,Office Chair,Technology,Chairs,4641.14,3,0.01,881.82,21.97,COD,Medium
ORD-10390,2023-01-26,2023-01-28,CUST-132,Customer_26,Home Office,Central,New York,Miami,PROD-3379,Storage Box,Furniture,Accessories,2318.5,6,0.15,115.93,40.14,UPI,Low
ORD-10391,2023-01-27,2023-01-29,CUST-787,Customer_47,Consumer,East,Texas,Miami,PROD-9879,Laptop,Office Supplies,Storage,3314.26,8,0.36,-530.28,36.87,COD,Low
ORD-10392,2023-01-28,2023-01-30,CUST-559,Customer_288,Consumer,South,New York,Miami,PROD-5752,Desk,Office Supplies,Tables,4576.57,1,0.11,411.89,26.67,COD,Medium
ORD-10393,2023-01-29,2023-01-31,CUST-982,Customer_266,Corporate,South,Illinois,Miami,PROD-6495,Storage Box,Technology,Phones,496.06,4,0.11,44.65,17.92,UPI,Low
ORD-10394,2023-01-30,2023-02-01,CUST-569,Customer_16,Corporate,South,Florida,New York City,PROD-4209,Monitor,Technology,Phones,3863.88,1,0.12,309.11,62.17,Credit Card,Medium
ORD-10395,2023-01-31,2023-02-02,CUST-474,Customer_199,Corporate,West,Illinois,Los Angeles,PROD-8398,Printer,Furniture,Chairs,3103.24,2,0.24,-124.13,79.26,Credit Card,Medium
ORD-10396,2023-02-01,2023-02-03,CUST-121,Customer_282,Corporate,Central,California,New York City,PROD-7743,Laptop,Furniture,Phones,3013.25,8,0.18,60.27,63.33,Credit Card,High
ORD-10397,2023-02-02,2023-02-04,CUST-849,Customer_86,Home Office,Central,New York,Miami,PROD-6648,Office Chair,Furniture,Phones,1498.08,6,0.29,-134.83,27.2,COD,High
ORD-10398,2023-02-03,2023-02-05,CUST-769,Customer_250,Home Office,South,California,New York City,PROD-6171,Desk,Office Supplies,Tables,3435.27,9,0.36,-549.64,23.36,UPI,Medium
ORD-10399,2023-02-04,2023-02-06,CUST-137,Customer_270,Home Office,South,California,Miami,PROD-8890,Phone,Furniture,Tables,3984.25,2,0.27,-278.9,21.32,Credit Card,High
ORD-10400,2023-02-05,2023-02-07,CUST-329,Customer_117,Corporate,West,Texas,Chicago,PROD-1324,Desk,Office Supplies,Storage,608.65,3,0.08,73.04,15.25,COD,Medium
ORD-10401,2023-02-06,2023-02-08,CUST-464,Customer_7,Corporate,East,New York,Los Angeles,PROD-4557,Storage Box,Furniture,Chairs,2690.93,9,0.37,-457.46,46.35,UPI,High
ORD-10402,2023-02-07,2023-02-09,CUST-662,Customer_137,Corporate,East,California,Chicago,PROD-4587,Printer,Technology,Phones,551.26,9,0.11,49.61,50.41,Credit Card,Low
ORD-10403,2023-02-08,2023-02-10,CUST-537,Customer_176,Home Office,Central,Florida,Houston,PROD-1151,Desk,Technology,Storage,4369.24,6,0.06,611.69,57.91,Credit Card,Low
ORD-10404,2023-02-09,2023-02-11,CUST-875,Customer_215,Corporate,West,California,New York City,PROD-1954,Phone,Office Supplies,Chairs,2562.8,3,0.04,410.05,56.02,UPI,Medium
ORD-10405,2023-02-10,2023-02-12,CUST-382,Customer_82,Consumer,South,Florida,Houston,PROD-5354,Monitor,Technology,Phones,4049.43,5,0.23,-121.48,26.92,COD,Medium
ORD-10406,2023-02-11,2023-02-13,CUST-126,Customer_223,Consumer,Central,Texas,New York City,PROD-8160,Office Chair,Office Supplies,Phones,1872.02,2,0.05,280.8,29.77,COD,High
ORD-10407,2023-02-12,2023-02-14,CUST-325,Customer_103,Corporate,West,California,Chicago,PROD-1687,Laptop,Office Supplies,Tables,669.14,7,0.06,93.68,56.11,Credit Card,High
ORD-10408,2023-02-13,2023-02-15,CUST-376,Customer_273,Consumer,East,Illinois,Miami,PROD-9501,Printer,Technology,Accessories,255.42,8,0.12,20.43,31.21,UPI,Medium
ORD-10409,2023-02-14,2023-02-16,CUST-897,Customer_14,Consumer,West,Texas,Miami,PROD-4127,Phone,Office Supplies,Chairs,1443.47,6,0.11,129.91,20.95,COD,Low
ORD-10410,2023-02-15,2023-02-17,CUST-708,Customer_159,Home Office,East,Florida,New York City,PROD-7763,Storage Box,Technology,Phones,1258.96,8,0.24,-50.36,33.08,UPI,Low
ORD-10411,2023-02-16,2023-02-18,CUST-383,Customer_152,Corporate,West,Texas,Miami,PROD-4395,Storage Box,Furniture,Chairs,2823.74,2,0.33,-367.09,25.41,UPI,Medium
ORD-10412,2023-02-17,2023-02-19,CUST-978,Customer_108,Corporate,Central,California,Chicago,PROD-1845,Storage Box,Furniture,Storage,157.61,3,0.3,-15.76,11.62,Credit Card,Low
ORD-10413,2023-02-18,2023-02-20,CUST-580,Customer_188,Home Office,East,New York,Miami,PROD-2164,Printer,Technology,Storage,2626.82,7,0.1,262.68,67.26,UPI,Medium
ORD-10414,2023-02-19,2023-02-21,CUST-552,Customer_98,Consumer,Central,New York,Chicago,PROD-6904,Desk,Technology,Accessories,1989.27,1,0.1,198.93,68.98,UPI,High
ORD-10415,2023-02-20,2023-02-22,CUST-928,Customer_131,Consumer,Central,Florida,Houston,PROD-6360,Printer,Technology,Phones,2906.76,7,0.39,-552.28,21.48,UPI,Low
ORD-10416,2023-02-21,2023-02-23,CUST-915,Customer_293,Corporate,East,Florida,Chicago,PROD-1354,Storage Box,Technology,Tables,3526.97,6,0.0,705.39,9.86,COD,Low
ORD-10417,2023-02-22,2023-02-24,CUST-758,Customer_171,Consumer,East,New York,Los Angeles,PROD-2872,Monitor,Furniture,Phones,3188.76,8,0.35,-478.31,60.41,Credit Card,High
ORD-10418,2023-02-23,2023-02-25,CUST-615,Customer_183,Home Office,South,Florida,Los Angeles,PROD-3024,Phone,Office Supplies,Chairs,4923.99,7,0.08,590.88,20.86,Credit Card,High
ORD-10419,2023-02-24,2023-02-26,CUST-646,Customer_39,Home Office,South,Texas,Los Angeles,PROD-3817,Laptop,Office Supplies,Storage,734.41,4,0.38,-132.19,34.51,UPI,Low
ORD-10420,2023-02-25,2023-02-27,CUST-291,Customer_15,Corporate,South,Illinois,New York City,PROD-4832,Laptop,Furniture,Chairs,2177.2,3,0.14,130.63,9.81,UPI,Low
ORD-10421,2023-02-26,2023-02-28,CUST-148,Customer_4,Home Office,Central,Illinois,New York City,PROD-9257,Printer,Office Supplies,Accessories,2152.91,3,0.18,43.06,21.97,COD,Medium
ORD-10422,2023-02-27,2023-03-01,CUST-611,Customer_210,Home Office,Central,Texas,New York City,PROD-3581,Storage Box,Furniture,Storage,2114.41,4,0.28,-169.15,64.47,Credit Card,Medium
ORD-10423,2023-02-28,2023-03-02,CUST-116,Customer_161,Corporate,South,Illinois,Chicago,PROD-3486,Office Chair,Office Supplies,Tables,3335.8,9,0.24,-133.43,65.33,COD,Low
ORD-10424,2023-03-01,2023-03-03,CUST-271,Customer_16,Home Office,Central,California,New York City,PROD-9418,Monitor,Technology,Storage,2474.65,9,0.13,173.23,20.53,Credit Card,Medium
ORD-10425,2023-03-02,2023-03-04,CUST-319,Customer_108,Home Office,Central,Texas,Houston,PROD-3443,Printer,Technology,Phones,2611.29,2,0.22,-52.23,30.19,COD,High
ORD-10426,2023-03-03,2023-03-05,CUST-257,Customer_227,Home Office,East,Florida,Los Angeles,PROD-9919,Storage Box,Technology,Phones,2190.16,5,0.29,-197.11,15.07,UPI,Medium
ORD-10427,2023-03-04,2023-03-06,CUST-576,Customer_170,Consumer,East,Texas,Chicago,PROD-2036,Desk,Furniture,Storage,4958.91,1,0.02,892.6,10.56,COD,Medium
ORD-10428,2023-03-05,2023-03-07,CUST-145,Customer_34,Corporate,Central,New York,Los Angeles,PROD-9684,Laptop,Furniture,Accessories,4641.43,4,0.0,928.29,79.41,UPI,Low
ORD-10429,2023-03-06,2023-03-08,CUST-472,Customer_251,Corporate,South,Florida,New York City,PROD-8435,Laptop,Office Supplies,Phones,1573.23,2,0.18,31.46,54.17,Credit Card,Medium
ORD-10430,2023-03-07,2023-03-09,CUST-617,Customer_247,Corporate,West,New York,Chicago,PROD-2548,Monitor,Office Supplies,Phones,602.39,8,0.05,90.36,45.66,Credit Card,Low
ORD-10431,2023-03-08,2023-03-10,CUST-198,Customer_269,Consumer,South,Florida,Miami,PROD-6065,Laptop,Office Supplies,Tables,4206.84,4,0.27,-294.48,62.41,UPI,Low
ORD-10432,2023-03-09,2023-03-11,CUST-991,Customer_141,Consumer,West,Illinois,Houston,PROD-7496,Office Chair,Furniture,Storage,4985.99,5,0.09,548.46,68.01,Credit Card,Low
ORD-10433,2023-03-10,2023-03-12,CUST-844,Customer_274,Corporate,South,Texas,New York City,PROD-7183,Storage Box,Office Supplies,Phones,1498.41,4,0.17,44.95,65.5,COD,High
ORD-10434,2023-03-11,2023-03-13,CUST-136,Customer_96,Consumer,East,California,New York City,PROD-4957,Storage Box,Technology,Accessories,1821.04,5,0.08,218.52,6.24,UPI,Medium
ORD-10435,2023-03-12,2023-03-14,CUST-379,Customer_227,Corporate,Central,Florida,Houston,PROD-4407,Monitor,Office Supplies,Chairs,4711.08,5,0.22,-94.22,19.01,Credit Card,Medium
ORD-10436,2023-03-13,2023-03-15,CUST-448,Customer_39,Consumer,Central,Florida,Houston,PROD-1639,Storage Box,Technology,Storage,3570.09,5,0.05,535.51,54.12,COD,Medium
ORD-10437,2023-03-14,2023-03-16,CUST-596,Customer_29,Home Office,East,New York,Miami,PROD-1172,Monitor,Furniture,Tables,1513.41,3,0.01,287.55,33.18,COD,Low
ORD-10438,2023-03-15,2023-03-17,CUST-401,Customer_245,Home Office,West,Illinois,New York City,PROD-6666,Storage Box,Technology,Phones,2926.18,7,0.02,526.71,78.69,Credit Card,High
ORD-10439,2023-03-16,2023-03-18,CUST-280,Customer_236,Corporate,West,New York,New York City,PROD-5354,Office Chair,Technology,Accessories,4723.94,3,0.38,-850.31,54.91,Credit Card,Low
ORD-10440,2023-03-17,2023-03-19,CUST-706,Customer_185,Consumer,West,New York,Los Angeles,PROD-4959,Phone,Technology,Storage,4068.47,2,0.06,569.59,76.74,COD,Medium
ORD-10441,2023-03-18,2023-03-20,CUST-198,Customer_272,Consumer,East,Illinois,Chicago,PROD-9708,Printer,Furniture,Accessories,3722.07,3,0.28,-297.77,20.11,UPI,Low
ORD-10442,2023-03-19,2023-03-21,CUST-799,Customer_236,Home Office,West,California,Chicago,PROD-9714,Printer,Furniture,Accessories,3698.13,3,0.03,628.68,69.8,Credit Card,Low
ORD-10443,2023-03-20,2023-03-22,CUST-215,Customer_239,Home Office,East,New York,Los Angeles,PROD-3886,Storage Box,Furniture,Tables,931.2,8,0.04,148.99,29.1,Credit Card,Medium
ORD-10444,2023-03-21,2023-03-23,CUST-290,Customer_266,Consumer,South,New York,Chicago,PROD-3164,Desk,Furniture,Storage,4132.17,4,0.2,0.0,79.22,UPI,Low
ORD-10445,2023-03-22,2023-03-24,CUST-352,Customer_65,Consumer,South,Florida,Houston,PROD-4945,Laptop,Office Supplies,Phones,1416.79,3,0.19,14.17,16.83,UPI,Low
ORD-10446,2023-03-23,2023-03-25,CUST-260,Customer_177,Consumer,East,Illinois,Chicago,PROD-6235,Office Chair,Furniture,Tables,4655.31,5,0.38,-837.96,43.73,Credit Card,High
ORD-10447,2023-03-24,2023-03-26,CUST-355,Customer_3,Consumer,Central,Texas,Chicago,PROD-8746,Desk,Technology,Phones,1854.97,4,0.38,-333.89,64.46,UPI,Low
ORD-10448,2023-03-25,2023-03-27,CUST-422,Customer_142,Consumer,South,California,Los Angeles,PROD-3590,Desk,Furniture,Chairs,4295.42,9,0.31,-472.5,37.45,COD,High
ORD-10449,2023-03-26,2023-03-28,CUST-227,Customer_158,Consumer,West,California,Miami,PROD-8754,Storage Box,Office Supplies,Accessories,1367.86,8,0.24,-54.71,40.11,COD,Medium
ORD-10450,2023-03-27,2023-03-29,CUST-117,Customer_146,Corporate,East,Illinois,Chicago,PROD-5934,Office Chair,Office Supplies,Chairs,2596.91,7,0.18,51.94,78.98,COD,High
ORD-10451,2023-03-28,2023-03-30,CUST-892,Customer_293,Consumer,West,Florida,Chicago,PROD-5076,Printer,Office Supplies,Accessories,579.08,8,0.14,34.74,36.9,Credit Card,Low
ORD-10452,2023-03-29,2023-03-31,CUST-834,Customer_153,Home Office,West,Florida,Miami,PROD-6185,Laptop,Technology,Tables,3317.59,5,0.38,-597.17,50.31,UPI,Medium
ORD-10453,2023-03-30,2023-04-01,CUST-665,Customer_193,Corporate,Central,Illinois,Los Angeles,PROD-2093,Printer,Furniture,Phones,4188.59,4,0.24,-167.54,9.09,COD,Low
ORD-10454,2023-03-31,2023-04-02,CUST-669,Customer_73,Consumer,West,Florida,Miami,PROD-4880,Desk,Furniture,Phones,3606.31,7,0.23,-108.19,68.17,UPI,Low
ORD-10455,2023-04-01,2023-04-03,CUST-422,Customer_140,Home Office,Central,California,Los Angeles,PROD-7559,Laptop,Furniture,Tables,2640.13,1,0.09,290.41,53.61,COD,High
ORD-10456,2023-04-02,2023-04-04,CUST-971,Customer_187,Corporate,South,California,Houston,PROD-3785,Phone,Technology,Storage,273.32,6,0.02,49.2,35.3,UPI,Low
ORD-10457,2023-04-03,2023-04-05,CUST-785,Customer_293,Home Office,East,Texas,Los Angeles,PROD-7065,Desk,Technology,Chairs,4670.53,8,0.38,-840.7,6.21,COD,High
ORD-10458,2023-04-04,2023-04-06,CUST-891,Customer_61,Consumer,West,Illinois,Houston,PROD-7539,Printer,Office Supplies,Chairs,3542.17,7,0.13,247.95,49.38,COD,Medium
ORD-10459,2023-04-05,2023-04-07,CUST-725,Customer_198,Consumer,East,New York,Houston,PROD-2574,Printer,Office Supplies,Phones,3742.03,2,0.18,74.84,5.95,COD,Medium
ORD-10460,2023-04-06,2023-04-08,CUST-387,Customer_295,Consumer,West,New York,Los Angeles,PROD-6676,Storage Box,Furniture,Phones,3983.67,7,0.05,597.55,5.09,COD,Low
ORD-10461,2023-04-07,2023-04-09,CUST-953,Customer_11,Consumer,East,Texas,New York City,PROD-9060,Printer,Technology,Phones,3751.33,6,0.33,-487.67,51.21,COD,High
ORD-10462,2023-04-08,2023-04-10,CUST-762,Customer_62,Corporate,West,Texas,Los Angeles,PROD-4990,Office Chair,Technology,Tables,2233.53,5,0.01,424.37,19.18,COD,Low
ORD-10463,2023-04-09,2023-04-11,CUST-738,Customer_226,Corporate,West,Florida,Chicago,PROD-6210,Desk,Furniture,Storage,3681.43,4,0.33,-478.59,19.39,COD,Low
ORD-10464,2023-04-10,2023-04-12,CUST-254,Customer_153,Home Office,West,Texas,Chicago,PROD-5845,Monitor,Furniture,Chairs,3143.88,1,0.06,440.14,54.0,COD,Low
ORD-10465,2023-04-11,2023-04-13,CUST-589,Customer_199,Consumer,West,Texas,New York City,PROD-2189,Monitor,Office Supplies,Accessories,4277.38,2,0.35,-641.61,9.03,COD,Low
ORD-10466,2023-04-12,2023-04-14,CUST-485,Customer_52,Home Office,West,New York,Houston,PROD-3689,Laptop,Office Supplies,Tables,4022.18,7,0.29,-362.0,28.51,UPI,High
ORD-10467,2023-04-13,2023-04-15,CUST-884,Customer_260,Corporate,West,Florida,New York City,PROD-5095,Printer,Office Supplies,Chairs,254.8,3,0.07,33.12,16.21,UPI,Low
ORD-10468,2023-04-14,2023-04-16,CUST-203,Customer_59,Consumer,West,Texas,Chicago,PROD-2875,Storage Box,Furniture,Storage,1925.49,5,0.23,-57.76,48.51,Credit Card,Medium
ORD-10469,2023-04-15,2023-04-17,CUST-492,Customer_72,Consumer,West,Texas,New York City,PROD-8768,Storage Box,Furniture,Tables,221.84,8,0.13,15.53,54.63,COD,High
ORD-10470,2023-04-16,2023-04-18,CUST-910,Customer_148,Corporate,West,Florida,Los Angeles,PROD-4406,Printer,Office Supplies,Chairs,555.27,8,0.07,72.19,59.09,UPI,Low
ORD-10471,2023-04-17,2023-04-19,CUST-345,Customer_63,Corporate,East,Illinois,New York City,PROD-4932,Office Chair,Office Supplies,Tables,3026.98,6,0.34,-423.78,24.14,UPI,High
ORD-10472,2023-04-18,2023-04-20,CUST-275,Customer_243,Corporate,Central,Florida,Houston,PROD-9240,Storage Box,Technology,Chairs,4375.42,5,0.16,175.02,11.69,UPI,Low
ORD-10473,2023-04-19,2023-04-21,CUST-138,Customer_107,Corporate,West,New York,Los Angeles,PROD-6408,Monitor,Technology,Chairs,643.13,2,0.16,25.73,10.9,UPI,Medium
ORD-10474,2023-04-20,2023-04-22,CUST-576,Customer_226,Corporate,Central,Illinois,Miami,PROD-4861,Laptop,Office Supplies,Storage,2282.89,9,0.07,296.78,36.96,UPI,Medium
ORD-10475,2023-04-21,2023-04-23,CUST-781,Customer_218,Consumer,West,California,Chicago,PROD-8406,Desk,Office Supplies,Accessories,4558.85,1,0.15,227.94,75.94,UPI,Medium
ORD-10476,2023-04-22,2023-04-24,CUST-858,Customer_241,Corporate,West,Florida,Chicago,PROD-3833,Phone,Technology,Storage,4080.79,2,0.35,-612.12,21.33,Credit Card,High
ORD-10477,2023-04-23,2023-04-25,CUST-637,Customer_259,Consumer,East,New York,New York City,PROD-6285,Office Chair,Office Supplies,Chairs,2622.36,1,0.15,131.12,24.26,UPI,Medium
ORD-10478,2023-04-24,2023-04-26,CUST-966,Customer_262,Consumer,South,Illinois,Los Angeles,PROD-8645,Storage Box,Technology,Tables,3869.28,4,0.38,-696.47,12.57,Credit Card,Low
ORD-10479,2023-04-25,2023-04-27,CUST-917,Customer_5,Corporate,South,Florida,Miami,PROD-5777,Desk,Technology,Storage,2637.33,4,0.38,-474.72,50.42,Credit Card,Low
ORD-10480,2023-04-26,2023-04-28,CUST-507,Customer_261,Corporate,East,Texas,Los Angeles,PROD-3735,Phone,Technology,Accessories,832.56,5,0.06,116.56,55.99,COD,Low
ORD-10481,2023-04-27,2023-04-29,CUST-624,Customer_54,Consumer,Central,Florida,Chicago,PROD-9273,Printer,Furniture,Chairs,667.44,5,0.07,86.77,53.22,COD,High
ORD-10482,2023-04-28,2023-04-30,CUST-927,Customer_47,Corporate,South,California,Los Angeles,PROD-9278,Printer,Furniture,Storage,982.42,8,0.35,-147.36,69.58,COD,High
ORD-10483,2023-04-29,2023-05-01,CUST-605,Customer_215,Corporate,East,Florida,Miami,PROD-7368,Laptop,Office Supplies,Storage,1787.06,3,0.16,71.48,41.48,UPI,Medium
ORD-10484,2023-04-30,2023-05-02,CUST-924,Customer_177,Corporate,East,Illinois,New York City,PROD-1821,Phone,Technology,Storage,4656.12,6,0.0,931.22,15.08,COD,High
ORD-10485,2023-05-01,2023-05-03,CUST-135,Customer_9,Home Office,South,Illinois,Houston,PROD-8525,Printer,Furniture,Storage,4008.41,3,0.11,360.76,26.71,UPI,Low
ORD-10486,2023-05-02,2023-05-04,CUST-784,Customer_99,Consumer,Central,Florida,Los Angeles,PROD-1162,Printer,Office Supplies,Tables,2192.37,2,0.24,-87.69,54.68,UPI,Low
ORD-10487,2023-05-03,2023-05-05,CUST-119,Customer_20,Home Office,East,Illinois,Houston,PROD-8777,Monitor,Office Supplies,Accessories,2490.73,8,0.32,-298.89,50.98,COD,Low
ORD-10488,2023-05-04,2023-05-06,CUST-420,Customer_241,Corporate,West,Texas,Chicago,PROD-2932,Storage Box,Office Supplies,Accessories,1364.77,1,0.05,204.72,44.83,COD,High
ORD-10489,2023-05-05,2023-05-07,CUST-875,Customer_61,Home Office,Central,Florida,New York City,PROD-4535,Laptop,Office Supplies,Chairs,3536.55,9,0.04,565.85,56.22,Credit Card,Low
ORD-10490,2023-05-06,2023-05-08,CUST-611,Customer_178,Corporate,Central,Texas,New York City,PROD-6956,Desk,Office Supplies,Phones,4023.69,7,0.37,-684.03,52.8,Credit Card,Medium
ORD-10491,2023-05-07,2023-05-09,CUST-499,Customer_62,Home Office,South,Texas,Los Angeles,PROD-4446,Printer,Technology,Tables,1232.58,4,0.3,-123.26,71.1,UPI,High
ORD-10492,2023-05-08,2023-05-10,CUST-753,Customer_145,Corporate,South,New York,New York City,PROD-3790,Monitor,Office Supplies,Chairs,257.02,3,0.24,-10.28,48.95,UPI,Low
ORD-10493,2023-05-09,2023-05-11,CUST-982,Customer_216,Home Office,West,Florida,Los Angeles,PROD-3707,Office Chair,Technology,Chairs,3138.25,6,0.31,-345.21,63.4,COD,Low
ORD-10494,2023-05-10,2023-05-12,CUST-570,Customer_3,Home Office,East,Illinois,Los Angeles,PROD-8959,Office Chair,Furniture,Storage,2834.43,9,0.17,85.03,23.65,COD,High
ORD-10495,2023-05-11,2023-05-13,CUST-242,Customer_160,Home Office,South,Texas,Houston,PROD-4933,Desk,Office Supplies,Phones,2040.55,9,0.3,-204.05,55.86,Credit Card,High
ORD-10496,2023-05-12,2023-05-14,CUST-191,Customer_227,Consumer,South,New York,New York City,PROD-4385,Phone,Furniture,Phones,3237.28,4,0.15,161.86,72.66,COD,Medium
ORD-10497,2023-05-13,2023-05-15,CUST-453,Customer_269,Home Office,Central,Florida,Los Angeles,PROD-7636,Laptop,Technology,Tables,2775.54,5,0.1,277.55,33.93,UPI,High
ORD-10498,2023-05-14,2023-05-16,CUST-933,Customer_120,Consumer,South,Florida,Houston,PROD-1922,Monitor,Technology,Phones,1290.38,9,0.29,-116.13,63.43,COD,Low
ORD-10499,2023-05-15,2023-05-17,CUST-899,Customer_89,Corporate,South,California,Miami,PROD-9089,Storage Box,Furniture,Chairs,2018.76,2,0.17,60.56,59.36,Credit Card,Medium
ORD-10500,2023-05-16,2023-05-18,CUST-826,Customer_68,Home Office,South,California,Houston,PROD-1564,Monitor,Office Supplies,Phones,2169.16,2,0.39,-412.14,9.46,UPI,Low
ORD-10501,2023-05-17,2023-05-19,CUST-953,Customer_98,Corporate,South,Texas,Houston,PROD-4258,Office Chair,Office Supplies,Phones,4407.23,5,0.14,264.43,48.61,Credit Card,Low
ORD-10502,2023-05-18,2023-05-20,CUST-150,Customer_267,Corporate,Central,California,Los Angeles,PROD-3500,Office Chair,Furniture,Accessories,4806.48,1,0.37,-817.1,14.76,Credit Card,Low
ORD-10503,2023-05-19,2023-05-21,CUST-764,Customer_105,Home Office,West,Texas,Chicago,PROD-5566,Desk,Furniture,Chairs,4470.36,8,0.37,-759.96,77.55,UPI,High
ORD-10504,2023-05-20,2023-05-22,CUST-797,Customer_123,Consumer,West,Illinois,Chicago,PROD-7881,Phone,Furniture,Phones,3609.93,5,0.1,360.99,65.86,Credit Card,High
ORD-10505,2023-05-21,2023-05-23,CUST-674,Customer_29,Home Office,East,Texas,Chicago,PROD-4636,Phone,Office Supplies,Phones,2945.71,2,0.32,-353.49,13.23,COD,Low
ORD-10506,2023-05-22,2023-05-24,CUST-289,Customer_137,Corporate,South,California,Houston,PROD-7030,Desk,Office Supplies,Storage,3461.85,9,0.17,103.86,14.13,COD,High
ORD-10507,2023-05-23,2023-05-25,CUST-224,Customer_195,Corporate,Central,Illinois,Los Angeles,PROD-1223,Monitor,Office Supplies,Phones,4698.59,2,0.37,-798.76,49.59,Credit Card,Low
ORD-10508,2023-05-24,2023-05-26,CUST-249,Customer_226,Home Office,East,California,New York City,PROD-7297,Office Chair,Furniture,Phones,1287.49,7,0.18,25.75,30.87,COD,High
ORD-10509,2023-05-25,2023-05-27,CUST-413,Customer_170,Consumer,East,Texas,Houston,PROD-1350,Monitor,Office Supplies,Accessories,2698.85,8,0.3,-269.88,7.62,Credit Card,High
ORD-10510,2023-05-26,2023-05-28,CUST-669,Customer_9,Consumer,West,New York,Houston,PROD-8314,Monitor,Technology,Chairs,3463.56,6,0.19,34.64,45.62,COD,High
ORD-10511,2023-05-27,2023-05-29,CUST-441,Customer_40,Corporate,Central,Florida,Los Angeles,PROD-2928,Laptop,Furniture,Tables,3412.27,7,0.09,375.35,34.09,Credit Card,Medium
ORD-10512,2023-05-28,2023-05-30,CUST-404,Customer_25,Corporate,Central,California,Miami,PROD-8743,Office Chair,Office Supplies,Chairs,1298.78,1,0.08,155.85,12.58,COD,High
ORD-10513,2023-05-29,2023-05-31,CUST-791,Customer_261,Consumer,Central,Texas,Houston,PROD-9540,Phone,Furniture,Storage,2954.32,4,0.17,88.63,65.14,UPI,Medium
ORD-10514,2023-05-30,2023-06-01,CUST-781,Customer_226,Home Office,West,Illinois,Miami,PROD-5732,Storage Box,Technology,Chairs,3989.77,7,0.3,-398.98,73.63,UPI,Medium
ORD-10515,2023-05-31,2023-06-02,CUST-937,Customer_124,Corporate,West,California,Miami,PROD-2017,Monitor,Technology,Phones,2401.64,1,0.24,-96.07,61.74,COD,Medium
ORD-10516,2023-06-01,2023-06-03,CUST-882,Customer_38,Consumer,West,California,Chicago,PROD-3226,Office Chair,Furniture,Storage,3976.83,1,0.28,-318.15,66.68,Credit Card,Low
ORD-10517,2023-06-02,2023-06-04,CUST-153,Customer_251,Corporate,West,Florida,Los Angeles,PROD-8206,Monitor,Furniture,Chairs,1831.42,6,0.11,164.83,21.24,COD,High
ORD-10518,2023-06-03,2023-06-05,CUST-543,Customer_176,Home Office,West,Texas,Miami,PROD-8170,Laptop,Technology,Storage,4696.86,4,0.19,46.97,24.77,Credit Card,Low
ORD-10519,2023-06-04,2023-06-06,CUST-712,Customer_90,Consumer,South,New York,Los Angeles,PROD-7207,Printer,Furniture,Tables,2692.95,3,0.02,484.73,20.64,COD,Medium
ORD-10520,2023-06-05,2023-06-07,CUST-363,Customer_37,Corporate,South,Illinois,Chicago,PROD-3419,Office Chair,Technology,Chairs,2999.94,5,0.33,-389.99,62.38,COD,High
ORD-10521,2023-06-06,2023-06-08,CUST-152,Customer_176,Home Office,Central,Texas,Los Angeles,PROD-7240,Desk,Technology,Phones,205.24,9,0.4,-41.05,76.09,UPI,Low
ORD-10522,2023-06-07,2023-06-09,CUST-671,Customer_284,Corporate,East,Illinois,Houston,PROD-2893,Printer,Office Supplies,Storage,892.83,3,0.16,35.71,58.76,Credit Card,Medium
ORD-10523,2023-06-08,2023-06-10,CUST-719,Customer_81,Home Office,Central,California,Miami,PROD-6322,Monitor,Furniture,Accessories,3183.02,5,0.0,636.6,71.11,Credit Card,Low
ORD-10524,2023-06-09,2023-06-11,CUST-104,Customer_114,Home Office,East,Florida,Los Angeles,PROD-8718,Desk,Furniture,Storage,2128.36,5,0.07,276.69,52.9,Credit Card,Low
ORD-10525,2023-06-10,2023-06-12,CUST-202,Customer_40,Consumer,West,Florida,New York City,PROD-7878,Desk,Office Supplies,Accessories,2565.41,9,0.26,-153.92,34.07,Credit Card,High
ORD-10526,2023-06-11,2023-06-13,CUST-295,Customer_224,Home Office,East,New York,Los Angeles,PROD-2125,Desk,Technology,Phones,361.71,4,0.24,-14.47,36.93,Credit Card,High
ORD-10527,2023-06-12,2023-06-14,CUST-873,Customer_115,Corporate,Central,Florida,Miami,PROD-4117,Office Chair,Furniture,Tables,4178.97,1,0.32,-501.48,10.65,UPI,Low
ORD-10528,2023-06-13,2023-06-15,CUST-976,Customer_186,Home Office,Central,California,Chicago,PROD-5161,Phone,Office Supplies,Accessories,3933.3,5,0.1,393.33,7.36,COD,High
ORD-10529,2023-06-14,2023-06-16,CUST-983,Customer_56,Home Office,East,New York,Chicago,PROD-5042,Monitor,Office Supplies,Tables,967.5,1,0.31,-106.42,57.16,Credit Card,High
ORD-10530,2023-06-15,2023-06-17,CUST-449,Customer_40,Consumer,South,Texas,Miami,PROD-5433,Printer,Furniture,Storage,3189.93,6,0.28,-255.19,37.88,Credit Card,Low
ORD-10531,2023-06-16,2023-06-18,CUST-146,Customer_40,Home Office,West,Florida,Houston,PROD-9638,Laptop,Office Supplies,Phones,4100.66,7,0.13,287.05,46.42,COD,High
ORD-10532,2023-06-17,2023-06-19,CUST-966,Customer_237,Home Office,West,New York,Houston,PROD-3658,Phone,Technology,Accessories,3222.23,1,0.22,-64.44,46.82,UPI,High
ORD-10533,2023-06-18,2023-06-20,CUST-922,Customer_289,Corporate,Central,California,Chicago,PROD-4483,Monitor,Office Supplies,Storage,1586.47,4,0.06,222.11,25.8,UPI,Medium
ORD-10534,2023-06-19,2023-06-21,CUST-919,Customer_262,Consumer,South,Illinois,Chicago,PROD-3944,Office Chair,Technology,Chairs,3297.75,9,0.18,65.96,40.69,UPI,High
ORD-10535,2023-06-20,2023-06-22,CUST-755,Customer_216,Consumer,East,Illinois,Miami,PROD-8210,Desk,Technology,Storage,1091.79,1,0.35,-163.77,40.31,COD,Medium
ORD-10536,2023-06-21,2023-06-23,CUST-368,Customer_147,Consumer,West,California,Houston,PROD-8653,Laptop,Furniture,Tables,1625.36,9,0.17,48.76,34.13,COD,Low
ORD-10537,2023-06-22,2023-06-24,CUST-469,Customer_168,Home Office,South,California,Chicago,PROD-9787,Monitor,Office Supplies,Phones,1238.34,8,0.34,-173.37,66.55,UPI,Medium
ORD-10538,2023-06-23,2023-06-25,CUST-735,Customer_92,Consumer,West,Illinois,Houston,PROD-2986,Printer,Technology,Phones,2806.78,5,0.24,-112.27,38.84,UPI,Low
ORD-10539,2023-06-24,2023-06-26,CUST-205,Customer_59,Home Office,South,New York,Chicago,PROD-2074,Monitor,Technology,Storage,585.72,6,0.08,70.29,50.27,COD,High
ORD-10540,2023-06-25,2023-06-27,CUST-769,Customer_59,Home Office,South,Illinois,Los Angeles,PROD-5305,Phone,Office Supplies,Chairs,4669.89,7,0.23,-140.1,72.16,UPI,High
ORD-10541,2023-06-26,2023-06-28,CUST-758,Customer_169,Corporate,Central,California,New York City,PROD-4007,Storage Box,Technology,Tables,1700.89,4,0.2,0.0,69.97,Credit Card,Medium
ORD-10542,2023-06-27,2023-06-29,CUST-756,Customer_269,Corporate,West,Florida,Los Angeles,PROD-1969,Phone,Office Supplies,Storage,1133.9,6,0.16,45.36,71.78,COD,Low
ORD-10543,2023-06-28,2023-06-30,CUST-219,Customer_45,Corporate,East,Texas,Chicago,PROD-9772,Monitor,Furniture,Storage,2507.92,7,0.05,376.19,25.25,UPI,High
ORD-10544,2023-06-29,2023-07-01,CUST-930,Customer_181,Corporate,Central,Florida,New York City,PROD-3824,Laptop,Technology,Phones,1421.14,6,0.17,42.63,7.62,Credit Card,Medium
ORD-10545,2023-06-30,2023-07-02,CUST-886,Customer_170,Corporate,Central,Florida,New York City,PROD-2211,Monitor,Technology,Tables,2697.78,6,0.03,458.62,24.58,COD,Medium
ORD-10546,2023-07-01,2023-07-03,CUST-703,Customer_191,Home Office,East,California,Chicago,PROD-1229,Monitor,Office Supplies,Chairs,1775.12,2,0.04,284.02,25.9,COD,Medium
ORD-10547,2023-07-02,2023-07-04,CUST-157,Customer_155,Home Office,Central,Illinois,Chicago,PROD-5284,Office Chair,Office Supplies,Phones,703.73,5,0.17,21.11,73.2,Credit Card,High
ORD-10548,2023-07-03,2023-07-05,CUST-445,Customer_188,Consumer,South,New York,Houston,PROD-4185,Printer,Office Supplies,Storage,1366.18,3,0.12,109.29,53.69,COD,Low
ORD-10549,2023-07-04,2023-07-06,CUST-840,Customer_7,Home Office,South,Florida,Chicago,PROD-1501,Laptop,Office Supplies,Phones,2220.28,7,0.37,-377.45,11.13,UPI,High
ORD-10550,2023-07-05,2023-07-07,CUST-573,Customer_133,Home Office,West,Illinois,Miami,PROD-1048,Monitor,Technology,Phones,199.95,4,0.15,10.0,15.15,COD,High
ORD-10551,2023-07-06,2023-07-08,CUST-216,Customer_235,Corporate,West,New York,Chicago,PROD-4566,Desk,Furniture,Accessories,3864.68,1,0.3,-386.47,16.68,UPI,Low
ORD-10552,2023-07-07,2023-07-09,CUST-929,Customer_45,Home Office,East,Florida,Miami,PROD-4055,Printer,Furniture,Phones,3128.03,6,0.21,-31.28,52.28,Credit Card,Medium
ORD-10553,2023-07-08,2023-07-10,CUST-890,Customer_249,Corporate,West,New York,Chicago,PROD-9880,Phone,Furniture,Phones,3026.73,6,0.28,-242.14,60.16,Credit Card,High
ORD-10554,2023-07-09,2023-07-11,CUST-226,Customer_31,Consumer,South,Illinois,Houston,PROD-1386,Laptop,Furniture,Tables,2752.95,7,0.1,275.3,69.47,COD,Medium
ORD-10555,2023-07-10,2023-07-12,CUST-492,Customer_23,Consumer,East,Texas,Miami,PROD-1969,Phone,Office Supplies,Phones,2972.05,8,0.38,-534.97,75.55,Credit Card,Medium
ORD-10556,2023-07-11,2023-07-13,CUST-740,Customer_160,Home Office,East,Illinois,Los Angeles,PROD-6820,Monitor,Technology,Chairs,4676.53,3,0.21,-46.77,20.13,Credit Card,Low
ORD-10557,2023-07-12,2023-07-14,CUST-157,Customer_158,Consumer,West,California,Miami,PROD-4052,Phone,Technology,Storage,92.42,6,0.33,-12.01,28.23,COD,Low
ORD-10558,2023-07-13,2023-07-15,CUST-733,Customer_39,Home Office,South,New York,Houston,PROD-8397,Phone,Technology,Tables,286.61,2,0.15,14.33,23.02,UPI,Low
ORD-10559,2023-07-14,2023-07-16,CUST-612,Customer_82,Consumer,East,Texas,Miami,PROD-3302,Office Chair,Office Supplies,Phones,997.89,9,0.04,159.66,31.91,COD,Medium
ORD-10560,2023-07-15,2023-07-17,CUST-850,Customer_258,Corporate,South,New York,Chicago,PROD-3283,Phone,Technology,Chairs,878.14,2,0.27,-61.47,73.6,COD,Medium
ORD-10561,2023-07-16,2023-07-18,CUST-901,Customer_206,Corporate,South,New York,Chicago,PROD-5366,Desk,Office Supplies,Storage,946.91,3,0.0,189.38,48.13,UPI,High
ORD-10562,2023-07-17,2023-07-19,CUST-195,Customer_77,Corporate,South,Florida,Houston,PROD-1122,Desk,Technology,Tables,3376.12,2,0.19,33.76,60.36,UPI,Medium
ORD-10563,2023-07-18,2023-07-20,CUST-737,Customer_12,Corporate,West,California,New York City,PROD-7799,Printer,Furniture,Chairs,2324.44,9,0.08,278.93,41.76,UPI,Low
ORD-10564,2023-07-19,2023-07-21,CUST-217,Customer_295,Home Office,Central,New York,Chicago,PROD-4727,Monitor,Office Supplies,Phones,4959.31,1,0.25,-247.97,7.16,COD,Low
ORD-10565,2023-07-20,2023-07-22,CUST-659,Customer_224,Consumer,Central,Illinois,Los Angeles,PROD-9450,Storage Box,Technology,Accessories,1173.09,5,0.39,-222.89,9.81,UPI,Low
ORD-10566,2023-07-21,2023-07-23,CUST-700,Customer_13,Home Office,East,Illinois,Houston,PROD-5958,Phone,Furniture,Accessories,1588.61,1,0.19,15.89,45.34,Credit Card,Low
ORD-10567,2023-07-22,2023-07-24,CUST-587,Customer_46,Corporate,South,Florida,Miami,PROD-1524,Phone,Furniture,Tables,4921.99,5,0.33,-639.86,58.91,UPI,Medium
ORD-10568,2023-07-23,2023-07-25,CUST-336,Customer_155,Home Office,West,California,Miami,PROD-9399,Laptop,Furniture,Chairs,4167.2,8,0.2,0.0,21.15,Credit Card,Low
ORD-10569,2023-07-24,2023-07-26,CUST-984,Customer_113,Consumer,South,California,Los Angeles,PROD-1148,Office Chair,Office Supplies,Storage,2375.51,8,0.2,0.0,59.14,UPI,High
ORD-10570,2023-07-25,2023-07-27,CUST-996,Customer_233,Home Office,South,Illinois,Chicago,PROD-9001,Storage Box,Office Supplies,Chairs,2795.25,8,0.37,-475.19,65.8,Credit Card,Medium
ORD-10571,2023-07-26,2023-07-28,CUST-371,Customer_17,Consumer,West,Texas,Houston,PROD-1437,Printer,Technology,Accessories,4223.73,2,0.36,-675.8,35.89,Credit Card,Low
ORD-10572,2023-07-27,2023-07-29,CUST-288,Customer_223,Home Office,Central,Florida,Los Angeles,PROD-4749,Storage Box,Furniture,Tables,2430.85,8,0.31,-267.39,60.98,Credit Card,High
ORD-10573,2023-07-28,2023-07-30,CUST-803,Customer_188,Consumer,South,Florida,Chicago,PROD-9186,Phone,Technology,Phones,1069.82,5,0.12,85.59,35.3,Credit Card,Low
ORD-10574,2023-07-29,2023-07-31,CUST-546,Customer_163,Consumer,South,Illinois,Houston,PROD-5453,Laptop,Technology,Chairs,4150.8,1,0.22,-83.02,55.88,Credit Card,Medium
ORD-10575,2023-07-30,2023-08-01,CUST-680,Customer_74,Corporate,Central,Illinois,Miami,PROD-6336,Monitor,Furniture,Accessories,2711.97,7,0.09,298.32,62.3,UPI,Medium
ORD-10576,2023-07-31,2023-08-02,CUST-889,Customer_233,Consumer,West,Texas,Houston,PROD-5551,Office Chair,Technology,Storage,807.56,6,0.18,16.15,79.39,COD,High
ORD-10577,2023-08-01,2023-08-03,CUST-960,Customer_224,Corporate,East,Texas,New York City,PROD-3823,Monitor,Office Supplies,Tables,2552.65,5,0.19,25.53,30.9,COD,Medium
ORD-10578,2023-08-02,2023-08-04,CUST-346,Customer_60,Corporate,Central,California,Houston,PROD-6728,Printer,Technology,Phones,2095.36,1,0.33,-272.4,35.83,COD,High
ORD-10579,2023-08-03,2023-08-05,CUST-175,Customer_222,Corporate,East,Florida,New York City,PROD-9677,Storage Box,Furniture,Chairs,4390.37,1,0.36,-702.46,17.42,COD,Low
ORD-10580,2023-08-04,2023-08-06,CUST-253,Customer_37,Home Office,East,Florida,Houston,PROD-9391,Printer,Office Supplies,Storage,673.97,6,0.17,20.22,20.31,COD,Medium
ORD-10581,2023-08-05,2023-08-07,CUST-755,Customer_278,Home Office,Central,Illinois,New York City,PROD-2982,Phone,Office Supplies,Phones,4382.29,7,0.01,832.64,57.0,Credit Card,Low
ORD-10582,2023-08-06,2023-08-08,CUST-534,Customer_196,Home Office,South,California,Miami,PROD-7996,Printer,Technology,Accessories,2585.44,1,0.34,-361.96,73.78,UPI,Low
ORD-10583,2023-08-07,2023-08-09,CUST-185,Customer_242,Home Office,East,Florida,Chicago,PROD-3311,Monitor,Technology,Accessories,2051.6,9,0.07,266.71,34.6,Credit Card,Medium
ORD-10584,2023-08-08,2023-08-10,CUST-796,Customer_219,Consumer,East,California,New York City,PROD-8225,Laptop,Office Supplies,Storage,851.74,4,0.25,-42.59,18.49,UPI,Low
ORD-10585,2023-08-09,2023-08-11,CUST-384,Customer_192,Consumer,West,California,New York City,PROD-1604,Printer,Technology,Accessories,3519.05,5,0.01,668.62,26.38,UPI,High
ORD-10586,2023-08-10,2023-08-12,CUST-319,Customer_17,Home Office,South,Illinois,Miami,PROD-9175,Desk,Furniture,Tables,4637.69,2,0.16,185.51,39.13,UPI,High
ORD-10587,2023-08-11,2023-08-13,CUST-168,Customer_12,Consumer,East,California,New York City,PROD-6785,Laptop,Technology,Storage,1908.12,8,0.39,-362.54,26.8,UPI,High
ORD-10588,2023-08-12,2023-08-14,CUST-146,Customer_193,Consumer,West,Texas,Los Angeles,PROD-5597,Storage Box,Technology,Accessories,1245.85,2,0.04,199.34,22.52,COD,Medium
ORD-10589,2023-08-13,2023-08-15,CUST-193,Customer_22,Corporate,South,Texas,Miami,PROD-8759,Office Chair,Office Supplies,Chairs,2796.59,3,0.17,83.9,60.2,UPI,Low
ORD-10590,2023-08-14,2023-08-16,CUST-849,Customer_120,Corporate,Central,New York,Los Angeles,PROD-8532,Office Chair,Technology,Accessories,3991.12,9,0.12,319.29,5.59,UPI,Low
ORD-10591,2023-08-15,2023-08-17,CUST-552,Customer_210,Corporate,Central,Illinois,Miami,PROD-9740,Phone,Technology,Tables,68.65,2,0.36,-10.98,45.44,COD,Low
ORD-10592,2023-08-16,2023-08-18,CUST-303,Customer_270,Corporate,West,New York,New York City,PROD-1838,Phone,Technology,Phones,3175.32,6,0.35,-476.3,64.53,Credit Card,Low
ORD-10593,2023-08-17,2023-08-19,CUST-317,Customer_192,Consumer,Central,Texas,Los Angeles,PROD-4815,Desk,Furniture,Phones,3002.75,4,0.1,300.28,24.97,Credit Card,High
ORD-10594,2023-08-18,2023-08-20,CUST-573,Customer_175,Home Office,East,New York,New York City,PROD-1847,Storage Box,Technology,Accessories,1624.85,7,0.03,276.22,50.25,Credit Card,Medium
ORD-10595,2023-08-19,2023-08-21,CUST-531,Customer_285,Consumer,South,Illinois,Miami,PROD-5709,Monitor,Furniture,Phones,2284.54,6,0.25,-114.23,55.17,Credit Card,High
ORD-10596,2023-08-20,2023-08-22,CUST-440,Customer_204,Consumer,East,Illinois,New York City,PROD-5507,Office Chair,Furniture,Accessories,1272.47,9,0.13,89.07,54.13,UPI,High
ORD-10597,2023-08-21,2023-08-23,CUST-650,Customer_164,Consumer,East,California,Los Angeles,PROD-7575,Office Chair,Furniture,Tables,3959.93,9,0.27,-277.2,38.44,COD,Medium
ORD-10598,2023-08-22,2023-08-24,CUST-711,Customer_251,Corporate,Central,Florida,Los Angeles,PROD-5773,Office Chair,Furniture,Phones,3190.95,4,0.01,606.28,30.99,COD,Medium
ORD-10599,2023-08-23,2023-08-25,CUST-388,Customer_227,Corporate,East,California,New York City,PROD-5468,Monitor,Office Supplies,Chairs,2686.92,1,0.05,403.04,67.69,Credit Card,High
ORD-10600,2023-08-24,2023-08-26,CUST-353,Customer_7,Corporate,Central,Illinois,Houston,PROD-6192,Office Chair,Furniture,Accessories,1993.0,2,0.27,-139.51,61.88,COD,Low
ORD-10601,2023-08-25,2023-08-27,CUST-833,Customer_29,Home Office,South,Texas,Miami,PROD-4320,Printer,Technology,Phones,1492.35,8,0.08,179.08,29.09,UPI,Medium
ORD-10602,2023-08-26,2023-08-28,CUST-456,Customer_33,Consumer,South,Texas,Miami,PROD-5698,Storage Box,Furniture,Tables,4122.55,8,0.34,-577.16,12.73,Credit Card,Medium
ORD-10603,2023-08-27,2023-08-29,CUST-122,Customer_134,Home Office,East,California,New York City,PROD-5311,Laptop,Technology,Tables,2284.47,2,0.02,411.2,10.39,UPI,High
ORD-10604,2023-08-28,2023-08-30,CUST-861,Customer_79,Corporate,West,Illinois,Houston,PROD-4673,Laptop,Furniture,Chairs,2532.16,4,0.09,278.54,12.07,UPI,Low
ORD-10605,2023-08-29,2023-08-31,CUST-621,Customer_58,Home Office,Central,Texas,Los Angeles,PROD-2564,Desk,Office Supplies,Tables,2628.1,1,0.4,-525.62,48.72,UPI,Medium
ORD-10606,2023-08-30,2023-09-01,CUST-857,Customer_26,Consumer,Central,Illinois,Chicago,PROD-2840,Printer,Furniture,Tables,2269.42,7,0.17,68.08,8.87,UPI,High
ORD-10607,2023-08-31,2023-09-02,CUST-936,Customer_226,Consumer,East,Texas,Chicago,PROD-7058,Office Chair,Furniture,Phones,1317.64,4,0.28,-105.41,30.27,UPI,Medium
ORD-10608,2023-09-01,2023-09-03,CUST-199,Customer_285,Corporate,Central,Illinois,New York City,PROD-8131,Office Chair,Office Supplies,Accessories,645.69,8,0.07,83.94,61.49,Credit Card,Low
ORD-10609,2023-09-02,2023-09-04,CUST-901,Customer_4,Corporate,Central,New York,Houston,PROD-1726,Phone,Furniture,Storage,537.76,9,0.24,-21.51,27.08,UPI,High
ORD-10610,2023-09-03,2023-09-05,CUST-279,Customer_99,Home Office,West,Illinois,Houston,PROD-7697,Phone,Technology,Tables,3799.44,9,0.29,-341.95,62.25,Credit Card,High
ORD-10611,2023-09-04,2023-09-06,CUST-322,Customer_39,Corporate,West,Illinois,Miami,PROD-1282,Desk,Furniture,Tables,1156.46,3,0.13,80.95,60.91,COD,Low
ORD-10612,2023-09-05,2023-09-07,CUST-861,Customer_271,Corporate,East,California,Los Angeles,PROD-2081,Office Chair,Furniture,Storage,325.58,5,0.33,-42.33,23.44,UPI,High
ORD-10613,2023-09-06,2023-09-08,CUST-758,Customer_285,Consumer,West,New York,Houston,PROD-4885,Desk,Furniture,Tables,3997.71,6,0.24,-159.91,59.66,UPI,Low
ORD-10614,2023-09-07,2023-09-09,CUST-541,Customer_157,Corporate,East,Florida,Chicago,PROD-3881,Printer,Office Supplies,Phones,812.61,6,0.16,32.5,61.08,COD,High
ORD-10615,2023-09-08,2023-09-10,CUST-707,Customer_75,Corporate,South,California,Los Angeles,PROD-3970,Laptop,Furniture,Phones,3144.47,8,0.22,-62.89,34.81,Credit Card,Low
ORD-10616,2023-09-09,2023-09-11,CUST-868,Customer_288,Consumer,East,Florida,Los Angeles,PROD-7985,Office Chair,Furniture,Storage,1726.28,6,0.23,-51.79,20.78,UPI,Medium
ORD-10617,2023-09-10,2023-09-12,CUST-424,Customer_130,Consumer,South,Texas,New York City,PROD-1947,Storage Box,Technology,Tables,676.08,6,0.07,87.89,44.1,COD,Medium
ORD-10618,2023-09-11,2023-09-13,CUST-615,Customer_175,Home Office,East,Florida,Houston,PROD-5760,Monitor,Furniture,Tables,2101.68,4,0.16,84.07,74.1,COD,Medium
ORD-10619,2023-09-12,2023-09-14,CUST-115,Customer_84,Corporate,Central,Illinois,New York City,PROD-1066,Printer,Furniture,Accessories,123.3,7,0.14,7.4,52.97,UPI,High
ORD-10620,2023-09-13,2023-09-15,CUST-891,Customer_22,Consumer,West,Florida,Houston,PROD-9828,Office Chair,Furniture,Tables,4213.17,8,0.16,168.53,17.97,Credit Card,Low
ORD-10621,2023-09-14,2023-09-16,CUST-435,Customer_27,Home Office,South,California,Miami,PROD-9505,Monitor,Furniture,Phones,2591.81,3,0.3,-259.18,56.21,Credit Card,Low
ORD-10622,2023-09-15,2023-09-17,CUST-858,Customer_195,Home Office,East,California,New York City,PROD-1564,Storage Box,Technology,Chairs,738.84,7,0.19,7.39,37.04,UPI,Medium
ORD-10623,2023-09-16,2023-09-18,CUST-357,Customer_236,Corporate,West,Florida,New York City,PROD-4670,Phone,Technology,Chairs,1223.05,3,0.38,-220.15,49.36,COD,Medium
ORD-10624,2023-09-17,2023-09-19,CUST-596,Customer_92,Corporate,East,California,Chicago,PROD-3251,Desk,Office Supplies,Chairs,2267.48,8,0.12,181.4,60.05,UPI,Medium
ORD-10625,2023-09-18,2023-09-20,CUST-995,Customer_21,Home Office,West,California,New York City,PROD-1804,Phone,Furniture,Chairs,984.9,1,0.17,29.55,43.62,Credit Card,Low
ORD-10626,2023-09-19,2023-09-21,CUST-259,Customer_84,Consumer,West,Florida,Houston,PROD-5631,Laptop,Office Supplies,Tables,1379.57,1,0.31,-151.75,66.05,COD,Medium
ORD-10627,2023-09-20,2023-09-22,CUST-574,Customer_262,Home Office,East,New York,Chicago,PROD-2235,Phone,Office Supplies,Tables,2695.21,6,0.22,-53.9,59.16,UPI,High
ORD-10628,2023-09-21,2023-09-23,CUST-951,Customer_147,Corporate,South,New York,New York City,PROD-7720,Office Chair,Furniture,Accessories,4171.41,9,0.22,-83.43,51.13,COD,Medium
ORD-10629,2023-09-22,2023-09-24,CUST-763,Customer_257,Consumer,South,Texas,New York City,PROD-7906,Storage Box,Technology,Tables,2039.11,4,0.02,367.04,16.31,Credit Card,Medium
ORD-10630,2023-09-23,2023-09-25,CUST-789,Customer_58,Consumer,Central,California,Miami,PROD-7016,Phone,Technology,Chairs,3599.03,6,0.16,143.96,67.7,Credit Card,Low
ORD-10631,2023-09-24,2023-09-26,CUST-774,Customer_15,Home Office,West,Florida,New York City,PROD-4549,Office Chair,Furniture,Storage,4389.59,5,0.11,395.06,75.19,Credit Card,High
ORD-10632,2023-09-25,2023-09-27,CUST-479,Customer_162,Corporate,Central,California,Los Angeles,PROD-8938,Laptop,Furniture,Storage,1120.69,1,0.4,-224.14,15.27,UPI,Low
ORD-10633,2023-09-26,2023-09-28,CUST-644,Customer_163,Home Office,Central,Illinois,Chicago,PROD-5141,Monitor,Technology,Phones,4045.6,6,0.12,323.65,41.62,COD,High
ORD-10634,2023-09-27,2023-09-29,CUST-790,Customer_281,Home Office,East,California,Los Angeles,PROD-7966,Storage Box,Furniture,Phones,3799.14,9,0.35,-569.87,24.42,UPI,High
ORD-10635,2023-09-28,2023-09-30,CUST-526,Customer_280,Home Office,East,California,Chicago,PROD-6335,Phone,Furniture,Tables,1816.84,3,0.27,-127.18,61.59,UPI,Medium
ORD-10636,2023-09-29,2023-10-01,CUST-712,Customer_12,Consumer,East,New York,Miami,PROD-6077,Desk,Furniture,Storage,4948.12,3,0.14,296.89,59.12,UPI,Medium
ORD-10637,2023-09-30,2023-10-02,CUST-367,Customer_274,Consumer,West,Florida,New York City,PROD-6611,Desk,Technology,Chairs,1349.73,2,0.22,-26.99,15.57,UPI,Low
ORD-10638,2023-10-01,2023-10-03,CUST-934,Customer_271,Corporate,East,California,New York City,PROD-9089,Storage Box,Office Supplies,Chairs,1311.28,4,0.34,-183.58,70.78,COD,Low
ORD-10639,2023-10-02,2023-10-04,CUST-676,Customer_208,Corporate,East,New York,New York City,PROD-3892,Desk,Office Supplies,Chairs,3872.68,3,0.35,-580.9,18.57,COD,Low
ORD-10640,2023-10-03,2023-10-05,CUST-516,Customer_27,Home Office,West,Texas,Chicago,PROD-6577,Phone,Furniture,Tables,2201.55,2,0.06,308.22,64.79,UPI,High
ORD-10641,2023-10-04,2023-10-06,CUST-267,Customer_72,Home Office,West,New York,New York City,PROD-4618,Phone,Technology,Tables,1687.44,1,0.14,101.25,39.27,UPI,Low
ORD-10642,2023-10-05,2023-10-07,CUST-941,Customer_60,Home Office,South,New York,Los Angeles,PROD-2559,Storage Box,Furniture,Accessories,934.38,3,0.13,65.41,29.62,Credit Card,High
ORD-10643,2023-10-06,2023-10-08,CUST-142,Customer_145,Corporate,East,New York,New York City,PROD-7683,Phone,Technology,Chairs,3838.4,6,0.02,690.91,16.87,Credit Card,High
ORD-10644,2023-10-07,2023-10-09,CUST-655,Customer_93,Consumer,East,California,Miami,PROD-2507,Monitor,Furniture,Chairs,3942.29,9,0.24,-157.69,17.57,COD,High
ORD-10645,2023-10-08,2023-10-10,CUST-384,Customer_8,Consumer,East,California,Los Angeles,PROD-3063,Office Chair,Technology,Tables,2854.49,5,0.34,-399.63,54.64,Credit Card,High
ORD-10646,2023-10-09,2023-10-11,CUST-496,Customer_79,Home Office,South,Texas,New York City,PROD-4642,Laptop,Technology,Tables,4788.7,3,0.15,239.44,46.28,COD,High
ORD-10647,2023-10-10,2023-10-12,CUST-111,Customer_27,Home Office,East,Illinois,New York City,PROD-3000,Monitor,Office Supplies,Accessories,1624.91,5,0.3,-162.49,14.16,COD,Medium
ORD-10648,2023-10-11,2023-10-13,CUST-706,Customer_174,Home Office,South,Illinois,Houston,PROD-2294,Monitor,Furniture,Accessories,1137.11,5,0.25,-56.86,13.45,COD,High
ORD-10649,2023-10-12,2023-10-14,CUST-401,Customer_50,Home Office,Central,Illinois,Chicago,PROD-5065,Desk,Office Supplies,Phones,3403.46,5,0.15,170.17,10.42,Credit Card,High
ORD-10650,2023-10-13,2023-10-15,CUST-997,Customer_199,Corporate,South,Texas,Los Angeles,PROD-9014,Office Chair,Office Supplies,Storage,3804.12,7,0.06,532.58,60.78,Credit Card,Medium
ORD-10651,2023-10-14,2023-10-16,CUST-352,Customer_181,Consumer,Central,Illinois,Houston,PROD-2603,Storage Box,Technology,Chairs,1163.28,5,0.28,-93.06,58.39,COD,Medium
ORD-10652,2023-10-15,2023-10-17,CUST-598,Customer_24,Home Office,East,Illinois,Miami,PROD-2322,Desk,Furniture,Chairs,429.22,7,0.34,-60.09,9.38,COD,Medium
ORD-10653,2023-10-16,2023-10-18,CUST-853,Customer_46,Corporate,Central,New York,Chicago,PROD-6956,Office Chair,Technology,Accessories,4062.06,9,0.27,-284.34,47.02,UPI,Low
ORD-10654,2023-10-17,2023-10-19,CUST-134,Customer_15,Home Office,South,California,Los Angeles,PROD-3441,Phone,Technology,Accessories,4883.68,5,0.01,927.9,11.35,COD,Low
ORD-10655,2023-10-18,2023-10-20,CUST-826,Customer_153,Home Office,West,California,New York City,PROD-2098,Storage Box,Technology,Phones,3241.13,2,0.09,356.52,72.78,COD,High
ORD-10656,2023-10-19,2023-10-21,CUST-948,Customer_222,Consumer,Central,New York,Los Angeles,PROD-6073,Storage Box,Furniture,Storage,1425.44,5,0.03,242.32,73.03,UPI,High
ORD-10657,2023-10-20,2023-10-22,CUST-189,Customer_206,Home Office,Central,New York,New York City,PROD-9488,Desk,Furniture,Phones,4983.53,8,0.23,-149.51,57.37,COD,High
ORD-10658,2023-10-21,2023-10-23,CUST-875,Customer_273,Consumer,East,New York,Chicago,PROD-4787,Phone,Technology,Storage,4471.67,4,0.3,-447.17,74.46,COD,High
ORD-10659,2023-10-22,2023-10-24,CUST-704,Customer_236,Consumer,South,California,New York City,PROD-3096,Desk,Furniture,Chairs,2591.23,2,0.04,414.6,65.86,COD,Medium
ORD-10660,2023-10-23,2023-10-25,CUST-701,Customer_228,Consumer,Central,Illinois,Miami,PROD-3208,Printer,Technology,Phones,4135.34,3,0.34,-578.95,67.14,UPI,Low
ORD-10661,2023-10-24,2023-10-26,CUST-517,Customer_9,Corporate,Central,New York,New York City,PROD-6988,Office Chair,Furniture,Accessories,4088.31,9,0.22,-81.77,47.73,Credit Card,Medium
ORD-10662,2023-10-25,2023-10-27,CUST-214,Customer_166,Corporate,Central,Texas,Miami,PROD-1175,Printer,Furniture,Phones,4677.25,9,0.28,-374.18,27.95,COD,Low
ORD-10663,2023-10-26,2023-10-28,CUST-716,Customer_214,Consumer,Central,New York,Chicago,PROD-8169,Office Chair,Office Supplies,Phones,4212.57,8,0.39,-800.39,21.33,UPI,Medium
ORD-10664,2023-10-27,2023-10-29,CUST-295,Customer_117,Home Office,West,Florida,Chicago,PROD-7014,Laptop,Technology,Chairs,3236.21,8,0.03,550.16,29.54,COD,High
ORD-10665,2023-10-28,2023-10-30,CUST-925,Customer_72,Consumer,South,New York,Los Angeles,PROD-2667,Monitor,Office Supplies,Accessories,3066.05,8,0.36,-490.57,52.14,UPI,Low
ORD-10666,2023-10-29,2023-10-31,CUST-600,Customer_64,Home Office,East,California,Miami,PROD-9867,Storage Box,Office Supplies,Accessories,2363.42,8,0.05,354.51,17.95,COD,High
ORD-10667,2023-10-30,2023-11-01,CUST-725,Customer_205,Consumer,East,New York,Miami,PROD-2823,Desk,Technology,Tables,3151.1,8,0.16,126.04,24.4,UPI,Low
ORD-10668,2023-10-31,2023-11-02,CUST-592,Customer_209,Home Office,West,Florida,Houston,PROD-6147,Laptop,Technology,Tables,3986.32,1,0.34,-558.08,40.1,Credit Card,Low
ORD-10669,2023-11-01,2023-11-03,CUST-174,Customer_72,Corporate,South,Texas,Houston,PROD-2356,Laptop,Furniture,Tables,4846.74,6,0.36,-775.48,22.48,Credit Card,High
ORD-10670,2023-11-02,2023-11-04,CUST-512,Customer_277,Home Office,Central,Illinois,Houston,PROD-4072,Storage Box,Technology,Chairs,2363.07,9,0.2,0.0,49.15,Credit Card,High
ORD-10671,2023-11-03,2023-11-05,CUST-475,Customer_274,Consumer,West,New York,New York City,PROD-4259,Storage Box,Office Supplies,Phones,2889.58,8,0.24,-115.58,74.24,COD,High
ORD-10672,2023-11-04,2023-11-06,CUST-519,Customer_95,Corporate,South,Florida,Houston,PROD-7199,Office Chair,Office Supplies,Accessories,2251.79,3,0.28,-180.14,61.11,UPI,Medium
ORD-10673,2023-11-05,2023-11-07,CUST-828,Customer_166,Home Office,Central,Florida,Miami,PROD-1546,Printer,Technology,Accessories,3359.02,1,0.33,-436.67,54.98,COD,Low
ORD-10674,2023-11-06,2023-11-08,CUST-376,Customer_32,Home Office,West,Texas,New York City,PROD-6231,Phone,Office Supplies,Phones,3168.11,2,0.05,475.22,48.7,COD,Low
ORD-10675,2023-11-07,2023-11-09,CUST-860,Customer_11,Home Office,South,California,Chicago,PROD-8965,Office Chair,Furniture,Accessories,138.28,2,0.32,-16.59,41.6,UPI,Low
ORD-10676,2023-11-08,2023-11-10,CUST-775,Customer_217,Home Office,East,New York,Los Angeles,PROD-3083,Phone,Office Supplies,Phones,2728.75,7,0.19,27.29,18.99,COD,High
ORD-10677,2023-11-09,2023-11-11,CUST-493,Customer_289,Home Office,East,Florida,Houston,PROD-3040,Laptop,Furniture,Chairs,488.01,6,0.18,9.76,72.1,UPI,Low
ORD-10678,2023-11-10,2023-11-12,CUST-968,Customer_102,Corporate,South,Texas,Chicago,PROD-5534,Phone,Office Supplies,Chairs,180.6,2,0.17,5.42,23.64,UPI,Low
ORD-10679,2023-11-11,2023-11-13,CUST-556,Customer_267,Corporate,East,Illinois,Miami,PROD-2752,Printer,Furniture,Chairs,3966.43,8,0.2,0.0,11.85,Credit Card,High
ORD-10680,2023-11-12,2023-11-14,CUST-291,Customer_214,Corporate,South,Florida,Los Angeles,PROD-2849,Office Chair,Furniture,Phones,1330.32,9,0.38,-239.46,61.25,Credit Card,High
ORD-10681,2023-11-13,2023-11-15,CUST-838,Customer_179,Corporate,Central,Texas,Chicago,PROD-3642,Storage Box,Technology,Phones,1736.24,7,0.22,-34.72,18.17,Credit Card,Low
ORD-10682,2023-11-14,2023-11-16,CUST-788,Customer_88,Consumer,South,California,Los Angeles,PROD-2600,Printer,Furniture,Storage,367.22,4,0.38,-66.1,32.89,UPI,Medium
ORD-10683,2023-11-15,2023-11-17,CUST-198,Customer_41,Corporate,Central,California,Houston,PROD-5402,Monitor,Technology,Accessories,938.53,1,0.07,122.01,7.12,Credit Card,High
ORD-10684,2023-11-16,2023-11-18,CUST-647,Customer_76,Home Office,West,Florida,Miami,PROD-4799,Printer,Office Supplies,Accessories,3839.74,4,0.29,-345.58,15.28,UPI,Medium
ORD-10685,2023-11-17,2023-11-19,CUST-195,Customer_46,Home Office,South,Florida,Los Angeles,PROD-1618,Monitor,Office Supplies,Storage,2492.98,4,0.32,-299.16,17.99,COD,Medium
ORD-10686,2023-11-18,2023-11-20,CUST-763,Customer_160,Corporate,West,New York,Chicago,PROD-2132,Office Chair,Office Supplies,Storage,4409.31,8,0.27,-308.65,9.08,Credit Card,Medium
ORD-10687,2023-11-19,2023-11-21,CUST-762,Customer_80,Home Office,East,Texas,Houston,PROD-6491,Storage Box,Furniture,Chairs,2016.35,4,0.24,-80.65,54.25,UPI,Medium
ORD-10688,2023-11-20,2023-11-22,CUST-289,Customer_86,Corporate,Central,Florida,Houston,PROD-6795,Printer,Office Supplies,Storage,1380.07,4,0.23,-41.4,67.78,UPI,High
ORD-10689,2023-11-21,2023-11-23,CUST-835,Customer_92,Home Office,South,New York,Chicago,PROD-8633,Monitor,Office Supplies,Phones,1770.62,2,0.34,-247.89,33.0,UPI,Low
ORD-10690,2023-11-22,2023-11-24,CUST-136,Customer_148,Consumer,West,New York,Chicago,PROD-2487,Storage Box,Technology,Tables,3578.22,7,0.33,-465.17,70.59,UPI,Low
ORD-10691,2023-11-23,2023-11-25,CUST-879,Customer_161,Consumer,Central,Florida,Los Angeles,PROD-8848,Desk,Technology,Phones,2797.28,4,0.05,419.59,21.0,Credit Card,High
ORD-10692,2023-11-24,2023-11-26,CUST-468,Customer_202,Corporate,Central,California,New York City,PROD-6009,Desk,Office Supplies,Storage,4525.75,6,0.34,-633.6,29.4,Credit Card,High
ORD-10693,2023-11-25,2023-11-27,CUST-794,Customer_242,Corporate,East,Texas,Houston,PROD-3113,Desk,Office Supplies,Accessories,3030.74,3,0.17,90.92,16.31,Credit Card,Medium
ORD-10694,2023-11-26,2023-11-28,CUST-624,Customer_2,Corporate,East,Texas,Los Angeles,PROD-2044,Phone,Furniture,Phones,2490.44,7,0.1,249.04,51.54,UPI,Medium
ORD-10695,2023-11-27,2023-11-29,CUST-378,Customer_225,Home Office,Central,California,Chicago,PROD-3431,Printer,Furniture,Accessories,3939.48,6,0.35,-590.92,36.49,COD,High
ORD-10696,2023-11-28,2023-11-30,CUST-316,Customer_289,Corporate,Central,Florida,Los Angeles,PROD-8979,Office Chair,Office Supplies,Phones,4740.29,3,0.17,142.21,51.0,UPI,Low
ORD-10697,2023-11-29,2023-12-01,CUST-966,Customer_233,Consumer,South,Texas,Chicago,PROD-2582,Office Chair,Technology,Accessories,1811.44,4,0.32,-217.37,62.13,COD,Medium
ORD-10698,2023-11-30,2023-12-02,CUST-972,Customer_77,Home Office,Central,Florida,Miami,PROD-2308,Phone,Office Supplies,Phones,1286.89,5,0.11,115.82,45.93,Credit Card,High
ORD-10699,2023-12-01,2023-12-03,CUST-897,Customer_116,Corporate,South,Florida,Chicago,PROD-5917,Office Chair,Furniture,Accessories,3100.28,9,0.0,620.06,52.07,UPI,High
ORD-10700,2023-12-02,2023-12-04,CUST-372,Customer_154,Home Office,Central,New York,Chicago,PROD-9793,Monitor,Technology,Tables,2519.42,6,0.2,0.0,75.14,UPI,High
ORD-10701,2023-12-03,2023-12-05,CUST-980,Customer_103,Home Office,East,California,Chicago,PROD-2620,Desk,Technology,Chairs,4946.47,4,0.04,791.44,27.43,Credit Card,Medium
ORD-10702,2023-12-04,2023-12-06,CUST-161,Customer_194,Corporate,South,Florida,New York City,PROD-8503,Printer,Furniture,Phones,2338.69,7,0.3,-233.87,31.94,UPI,High
ORD-10703,2023-12-05,2023-12-07,CUST-695,Customer_166,Home Office,West,Illinois,Chicago,PROD-5766,Office Chair,Office Supplies,Tables,417.94,2,0.11,37.61,58.83,COD,Low
ORD-10704,2023-12-06,2023-12-08,CUST-979,Customer_90,Consumer,East,California,Houston,PROD-6362,Office Chair,Office Supplies,Chairs,4887.98,4,0.18,97.76,50.85,COD,High
ORD-10705,2023-12-07,2023-12-09,CUST-828,Customer_174,Consumer,South,Texas,Houston,PROD-6192,Laptop,Office Supplies,Phones,4225.76,5,0.03,718.38,18.39,COD,Medium
ORD-10706,2023-12-08,2023-12-10,CUST-441,Customer_122,Home Office,South,New York,Los Angeles,PROD-7622,Laptop,Furniture,Tables,932.34,4,0.11,83.91,33.21,UPI,Low
ORD-10707,2023-12-09,2023-12-11,CUST-496,Customer_143,Corporate,West,Texas,New York City,PROD-7093,Laptop,Technology,Tables,4527.8,4,0.31,-498.06,40.09,UPI,Low
ORD-10708,2023-12-10,2023-12-12,CUST-798,Customer_106,Home Office,South,Texas,Los Angeles,PROD-7704,Printer,Furniture,Tables,1736.3,9,0.06,243.08,36.45,COD,High
ORD-10709,2023-12-11,2023-12-13,CUST-118,Customer_123,Consumer,Central,California,Houston,PROD-1100,Desk,Office Supplies,Storage,1916.7,2,0.26,-115.0,18.37,UPI,High
ORD-10710,2023-12-12,2023-12-14,CUST-276,Customer_9,Home Office,West,Texas,Houston,PROD-7657,Storage Box,Furniture,Accessories,4536.64,6,0.37,-771.23,74.33,COD,Low
ORD-10711,2023-12-13,2023-12-15,CUST-711,Customer_262,Home Office,East,Florida,Miami,PROD-6875,Desk,Technology,Chairs,2674.07,8,0.27,-187.18,62.17,Credit Card,High
ORD-10712,2023-12-14,2023-12-16,CUST-495,Customer_73,Consumer,East,Texas,Chicago,PROD-5271,Desk,Furniture,Accessories,731.93,8,0.32,-87.83,41.1,COD,Medium
ORD-10713,2023-12-15,2023-12-17,CUST-544,Customer_223,Home Office,Central,New York,Houston,PROD-1237,Printer,Office Supplies,Accessories,1876.83,7,0.04,300.29,56.0,Credit Card,Low
ORD-10714,2023-12-16,2023-12-18,CUST-332,Customer_41,Home Office,East,New York,Los Angeles,PROD-8226,Monitor,Technology,Accessories,3624.38,4,0.1,362.44,72.3,Credit Card,High
ORD-10715,2023-12-17,2023-12-19,CUST-175,Customer_204,Corporate,South,Illinois,Los Angeles,PROD-9032,Monitor,Furniture,Tables,912.21,7,0.36,-145.95,15.21,Credit Card,Low
ORD-10716,2023-12-18,2023-12-20,CUST-364,Customer_264,Corporate,South,New York,Chicago,PROD-6218,Printer,Furniture,Accessories,2971.64,6,0.29,-267.45,23.78,COD,High
ORD-10717,2023-12-19,2023-12-21,CUST-554,Customer_178,Consumer,Central,Texas,Chicago,PROD-5025,Laptop,Technology,Storage,3491.61,6,0.26,-209.5,45.7,COD,High
ORD-10718,2023-12-20,2023-12-22,CUST-895,Customer_84,Consumer,East,New York,Miami,PROD-7073,Office Chair,Technology,Phones,1752.08,2,0.27,-122.65,64.93,UPI,Medium
ORD-10719,2023-12-21,2023-12-23,CUST-817,Customer_111,Consumer,East,California,New York City,PROD-3542,Phone,Office Supplies,Tables,3484.71,8,0.17,104.54,7.72,UPI,High
ORD-10720,2023-12-22,2023-12-24,CUST-834,Customer_251,Corporate,Central,New York,Los Angeles,PROD-2537,Phone,Technology,Chairs,4426.83,8,0.02,796.83,78.8,Credit Card,High
ORD-10721,2023-12-23,2023-12-25,CUST-483,Customer_7,Consumer,West,Florida,Chicago,PROD-1754,Storage Box,Office Supplies,Phones,2386.98,7,0.31,-262.57,39.12,COD,High
ORD-10722,2023-12-24,2023-12-26,CUST-663,Customer_84,Consumer,East,California,Los Angeles,PROD-8396,Office Chair,Furniture,Phones,1945.4,9,0.27,-136.18,31.94,UPI,Medium
ORD-10723,2023-12-25,2023-12-27,CUST-950,Customer_208,Consumer,West,Illinois,Chicago,PROD-8823,Storage Box,Office Supplies,Phones,1293.23,8,0.19,12.93,26.95,UPI,High
ORD-10724,2023-12-26,2023-12-28,CUST-605,Customer_22,Corporate,East,Florida,Houston,PROD-6507,Laptop,Furniture,Accessories,3040.82,9,0.36,-486.53,18.08,UPI,High
ORD-10725,2023-12-27,2023-12-29,CUST-466,Customer_3,Home Office,East,Texas,Los Angeles,PROD-5235,Storage Box,Technology,Accessories,4405.27,9,0.13,308.37,64.37,COD,High
ORD-10726,2023-12-28,2023-12-30,CUST-243,Customer_127,Consumer,East,Texas,Houston,PROD-1540,Office Chair,Furniture,Tables,1657.07,6,0.12,132.57,76.66,UPI,Low
ORD-10727,2023-12-29,2023-12-31,CUST-984,Customer_297,Home Office,East,Texas,Los Angeles,PROD-6510,Office Chair,Technology,Accessories,2011.37,2,0.35,-301.71,36.02,Credit Card,Medium
ORD-10728,2023-12-30,2024-01-01,CUST-168,Customer_188,Consumer,South,Florida,New York City,PROD-9461,Phone,Furniture,Accessories,2062.8,7,0.32,-247.54,76.43,COD,Low
ORD-10729,2023-12-31,2024-01-02,CUST-198,Customer_14,Home Office,West,Florida,Miami,PROD-8926,Monitor,Furniture,Accessories,2826.02,3,0.21,-28.26,66.78,UPI,Medium
ORD-10730,2024-01-01,2024-01-03,CUST-495,Customer_12,Corporate,West,Florida,Houston,PROD-6131,Laptop,Furniture,Tables,1180.62,7,0.05,177.09,41.08,UPI,Medium
ORD-10731,2024-01-02,2024-01-04,CUST-124,Customer_87,Corporate,East,California,Chicago,PROD-9697,Printer,Furniture,Tables,4119.95,9,0.09,453.19,55.55,COD,Low
ORD-10732,2024-01-03,2024-01-05,CUST-990,Customer_12,Consumer,East,California,New York City,PROD-2129,Storage Box,Office Supplies,Storage,1513.23,2,0.26,-90.79,37.62,UPI,Medium
ORD-10733,2024-01-04,2024-01-06,CUST-568,Customer_25,Home Office,West,Texas,Los Angeles,PROD-4145,Phone,Furniture,Storage,3541.55,6,0.15,177.08,46.9,UPI,Medium
ORD-10734,2024-01-05,2024-01-07,CUST-583,Customer_243,Corporate,South,New York,Houston,PROD-9553,Storage Box,Office Supplies,Storage,2590.42,6,0.33,-336.75,9.35,Credit Card,Low
ORD-10735,2024-01-06,2024-01-08,CUST-664,Customer_122,Consumer,Central,Texas,Los Angeles,PROD-4720,Storage Box,Technology,Storage,2950.19,9,0.38,-531.03,57.22,COD,High
ORD-10736,2024-01-07,2024-01-09,CUST-250,Customer_147,Consumer,Central,Illinois,Los Angeles,PROD-5067,Printer,Technology,Phones,939.06,9,0.32,-112.69,8.96,UPI,Medium
ORD-10737,2024-01-08,2024-01-10,CUST-243,Customer_55,Corporate,West,California,Los Angeles,PROD-5195,Laptop,Office Supplies,Phones,3688.36,5,0.15,184.42,66.28,COD,Low
ORD-10738,2024-01-09,2024-01-11,CUST-668,Customer_238,Corporate,East,Florida,Miami,PROD-8281,Office Chair,Technology,Storage,983.67,5,0.32,-118.04,66.87,COD,Medium
ORD-10739,2024-01-10,2024-01-12,CUST-138,Customer_173,Consumer,East,California,Miami,PROD-3509,Desk,Technology,Storage,611.69,9,0.14,36.7,22.78,Credit Card,Low
ORD-10740,2024-01-11,2024-01-13,CUST-208,Customer_221,Home Office,South,Florida,Chicago,PROD-6016,Storage Box,Furniture,Chairs,2756.06,8,0.07,358.29,29.27,Credit Card,High
ORD-10741,2024-01-12,2024-01-14,CUST-792,Customer_119,Home Office,Central,Illinois,Houston,PROD-7533,Desk,Furniture,Phones,3561.02,7,0.01,676.59,41.1,COD,Medium
ORD-10742,2024-01-13,2024-01-15,CUST-141,Customer_183,Home Office,South,Illinois,New York City,PROD-5727,Laptop,Furniture,Chairs,297.68,8,0.15,14.88,49.75,Credit Card,High
ORD-10743,2024-01-14,2024-01-16,CUST-285,Customer_288,Consumer,Central,California,New York City,PROD-1681,Desk,Office Supplies,Chairs,393.51,6,0.36,-62.96,26.55,Credit Card,High
ORD-10744,2024-01-15,2024-01-17,CUST-497,Customer_82,Corporate,West,Florida,New York City,PROD-4932,Storage Box,Office Supplies,Accessories,4023.26,3,0.1,402.33,49.44,UPI,Low
ORD-10745,2024-01-16,2024-01-18,CUST-322,Customer_211,Consumer,Central,Illinois,Los Angeles,PROD-6560,Printer,Technology,Tables,4054.71,7,0.08,486.57,27.33,Credit Card,Medium
ORD-10746,2024-01-17,2024-01-19,CUST-733,Customer_150,Corporate,South,Texas,Miami,PROD-5016,Desk,Furniture,Phones,1264.26,8,0.39,-240.21,9.16,Credit Card,Medium
ORD-10747,2024-01-18,2024-01-20,CUST-232,Customer_37,Home Office,South,Texas,Houston,PROD-8339,Laptop,Office Supplies,Storage,3095.38,8,0.01,588.12,5.19,UPI,Medium
ORD-10748,2024-01-19,2024-01-21,CUST-262,Customer_59,Home Office,South,Florida,Los Angeles,PROD-1719,Laptop,Office Supplies,Storage,2243.74,1,0.31,-246.81,12.59,UPI,Medium
ORD-10749,2024-01-20,2024-01-22,CUST-314,Customer_131,Corporate,West,California,Miami,PROD-1074,Monitor,Furniture,Tables,3181.85,7,0.13,222.73,64.42,COD,Medium
ORD-10750,2024-01-21,2024-01-23,CUST-832,Customer_202,Corporate,Central,Illinois,Miami,PROD-5157,Monitor,Office Supplies,Phones,4321.25,3,0.01,821.04,77.11,Credit Card,Low
ORD-10751,2024-01-22,2024-01-24,CUST-334,Customer_243,Consumer,Central,California,Houston,PROD-9511,Printer,Furniture,Storage,445.29,2,0.37,-75.7,37.02,UPI,Medium
ORD-10752,2024-01-23,2024-01-25,CUST-942,Customer_35,Home Office,South,Texas,Houston,PROD-3149,Desk,Technology,Storage,3901.02,2,0.06,546.14,43.45,Credit Card,High
ORD-10753,2024-01-24,2024-01-26,CUST-757,Customer_93,Consumer,Central,Illinois,Houston,PROD-7713,Desk,Technology,Accessories,2490.49,8,0.22,-49.81,16.01,COD,High
ORD-10754,2024-01-25,2024-01-27,CUST-850,Customer_207,Consumer,East,California,Los Angeles,PROD-5207,Monitor,Technology,Chairs,2842.43,9,0.11,255.82,46.33,Credit Card,Medium
ORD-10755,2024-01-26,2024-01-28,CUST-687,Customer_213,Consumer,East,New York,Chicago,PROD-8141,Office Chair,Furniture,Storage,3286.96,3,0.03,558.78,15.85,Credit Card,Low
ORD-10756,2024-01-27,2024-01-29,CUST-108,Customer_159,Home Office,East,Florida,Houston,PROD-9652,Phone,Office Supplies,Phones,4616.98,3,0.02,831.06,50.84,Credit Card,Low
ORD-10757,2024-01-28,2024-01-30,CUST-173,Customer_24,Consumer,Central,Florida,Chicago,PROD-4936,Laptop,Technology,Tables,330.76,6,0.05,49.61,74.99,UPI,Medium
ORD-10758,2024-01-29,2024-01-31,CUST-591,Customer_293,Consumer,West,New York,Los Angeles,PROD-2075,Office Chair,Technology,Accessories,195.91,1,0.03,33.3,19.68,UPI,High
ORD-10759,2024-01-30,2024-02-01,CUST-352,Customer_4,Consumer,West,Texas,Chicago,PROD-4876,Laptop,Technology,Phones,932.4,6,0.3,-93.24,62.34,COD,Medium
ORD-10760,2024-01-31,2024-02-02,CUST-329,Customer_220,Consumer,West,Illinois,New York City,PROD-5615,Office Chair,Office Supplies,Accessories,4932.92,3,0.19,49.33,6.76,Credit Card,Medium
ORD-10761,2024-02-01,2024-02-03,CUST-618,Customer_20,Consumer,West,Florida,Chicago,PROD-8265,Monitor,Office Supplies,Chairs,3589.63,4,0.14,215.38,33.16,COD,Medium
ORD-10762,2024-02-02,2024-02-04,CUST-273,Customer_152,Consumer,East,New York,Houston,PROD-7379,Monitor,Furniture,Storage,3092.47,9,0.17,92.77,13.31,COD,Low
ORD-10763,2024-02-03,2024-02-05,CUST-752,Customer_50,Home Office,East,New York,Los Angeles,PROD-5652,Phone,Technology,Phones,282.84,3,0.37,-48.08,31.44,UPI,Low
ORD-10764,2024-02-04,2024-02-06,CUST-267,Customer_177,Consumer,South,Texas,Houston,PROD-7792,Office Chair,Office Supplies,Tables,4401.6,1,0.36,-704.26,18.02,Credit Card,High
ORD-10765,2024-02-05,2024-02-07,CUST-269,Customer_96,Corporate,Central,Texas,New York City,PROD-8456,Laptop,Furniture,Chairs,4073.15,3,0.29,-366.58,33.0,Credit Card,High
ORD-10766,2024-02-06,2024-02-08,CUST-492,Customer_105,Consumer,Central,California,Houston,PROD-5674,Desk,Technology,Chairs,3340.76,7,0.35,-501.11,36.31,COD,Medium
ORD-10767,2024-02-07,2024-02-09,CUST-894,Customer_250,Consumer,West,Florida,Houston,PROD-1541,Laptop,Office Supplies,Accessories,1728.7,7,0.13,121.01,27.54,Credit Card,High
ORD-10768,2024-02-08,2024-02-10,CUST-733,Customer_117,Home Office,East,California,Houston,PROD-3161,Storage Box,Office Supplies,Chairs,399.0,5,0.15,19.95,54.25,UPI,Medium
ORD-10769,2024-02-09,2024-02-11,CUST-293,Customer_228,Home Office,West,New York,Miami,PROD-3251,Monitor,Furniture,Phones,2921.19,1,0.25,-146.06,73.91,COD,High
ORD-10770,2024-02-10,2024-02-12,CUST-616,Customer_66,Corporate,South,Illinois,New York City,PROD-5569,Printer,Technology,Accessories,3612.49,8,0.25,-180.62,35.04,COD,Medium
ORD-10771,2024-02-11,2024-02-13,CUST-128,Customer_262,Corporate,Central,Illinois,Houston,PROD-3744,Printer,Technology,Chairs,516.49,8,0.19,5.16,19.43,UPI,Low
ORD-10772,2024-02-12,2024-02-14,CUST-264,Customer_295,Home Office,Central,Texas,Houston,PROD-7041,Monitor,Office Supplies,Tables,3187.15,2,0.16,127.49,25.3,UPI,Medium
ORD-10773,2024-02-13,2024-02-15,CUST-521,Customer_243,Home Office,West,Illinois,Houston,PROD-5675,Storage Box,Technology,Phones,1467.51,3,0.39,-278.83,69.05,UPI,Low
ORD-10774,2024-02-14,2024-02-16,CUST-438,Customer_186,Consumer,South,Illinois,Los Angeles,PROD-2560,Printer,Furniture,Tables,3833.01,4,0.33,-498.29,47.87,UPI,Low
ORD-10775,2024-02-15,2024-02-17,CUST-747,Customer_246,Home Office,Central,Illinois,Miami,PROD-2164,Monitor,Office Supplies,Tables,2721.1,1,0.17,81.63,39.13,UPI,High
ORD-10776,2024-02-16,2024-02-18,CUST-595,Customer_125,Corporate,South,New York,Los Angeles,PROD-6419,Printer,Office Supplies,Accessories,688.73,4,0.29,-61.99,16.22,UPI,High
ORD-10777,2024-02-17,2024-02-19,CUST-464,Customer_268,Consumer,South,Illinois,Miami,PROD-3722,Monitor,Furniture,Storage,2656.27,5,0.11,239.06,38.73,COD,Low
ORD-10778,2024-02-18,2024-02-20,CUST-932,Customer_131,Corporate,West,Illinois,Houston,PROD-1470,Phone,Office Supplies,Accessories,2008.9,3,0.04,321.42,25.89,Credit Card,Medium
ORD-10779,2024-02-19,2024-02-21,CUST-441,Customer_237,Consumer,East,Illinois,New York City,PROD-2468,Desk,Technology,Phones,942.76,2,0.14,56.57,75.74,Credit Card,Medium
ORD-10780,2024-02-20,2024-02-22,CUST-599,Customer_18,Home Office,West,California,Chicago,PROD-8925,Desk,Technology,Phones,4215.5,6,0.16,168.62,71.31,COD,High
ORD-10781,2024-02-21,2024-02-23,CUST-756,Customer_40,Corporate,East,New York,Chicago,PROD-1808,Laptop,Office Supplies,Accessories,104.59,8,0.01,19.87,11.29,Credit Card,Medium
ORD-10782,2024-02-22,2024-02-24,CUST-610,Customer_21,Consumer,South,Texas,Houston,PROD-9363,Storage Box,Furniture,Storage,1595.03,7,0.33,-207.35,43.75,Credit Card,Medium
ORD-10783,2024-02-23,2024-02-25,CUST-426,Customer_225,Consumer,East,California,Los Angeles,PROD-7719,Monitor,Furniture,Accessories,112.35,1,0.14,6.74,21.88,COD,Medium
ORD-10784,2024-02-24,2024-02-26,CUST-316,Customer_282,Home Office,South,Florida,New York City,PROD-6073,Office Chair,Technology,Phones,525.23,4,0.23,-15.76,35.81,Credit Card,Low
ORD-10785,2024-02-25,2024-02-27,CUST-400,Customer_8,Home Office,Central,New York,Miami,PROD-9012,Laptop,Furniture,Storage,1520.63,3,0.03,258.51,70.76,Credit Card,Low
ORD-10786,2024-02-26,2024-02-28,CUST-231,Customer_100,Home Office,Central,New York,Houston,PROD-2645,Laptop,Office Supplies,Phones,318.64,6,0.07,41.42,44.56,COD,Medium
ORD-10787,2024-02-27,2024-02-29,CUST-903,Customer_240,Corporate,Central,Florida,New York City,PROD-9249,Monitor,Office Supplies,Storage,3003.32,9,0.36,-480.53,30.07,Credit Card,High
ORD-10788,2024-02-28,2024-03-01,CUST-169,Customer_87,Consumer,West,Florida,New York City,PROD-2129,Monitor,Technology,Storage,479.97,9,0.24,-19.2,20.59,UPI,Medium
ORD-10789,2024-02-29,2024-03-02,CUST-351,Customer_298,Home Office,West,Florida,Miami,PROD-2353,Laptop,Technology,Accessories,3523.48,7,0.38,-634.23,65.02,COD,High
ORD-10790,2024-03-01,2024-03-03,CUST-514,Customer_14,Corporate,South,Texas,New York City,PROD-1767,Laptop,Technology,Accessories,310.58,9,0.4,-62.12,51.84,Credit Card,Low
ORD-10791,2024-03-02,2024-03-04,CUST-886,Customer_2,Corporate,Central,Illinois,Los Angeles,PROD-4895,Desk,Furniture,Accessories,343.58,8,0.15,17.18,40.1,Credit Card,Medium
ORD-10792,2024-03-03,2024-03-05,CUST-544,Customer_293,Corporate,West,New York,Los Angeles,PROD-9874,Office Chair,Office Supplies,Storage,1561.36,5,0.12,124.91,21.31,UPI,Medium
ORD-10793,2024-03-04,2024-03-06,CUST-975,Customer_41,Home Office,Central,Illinois,Los Angeles,PROD-4454,Laptop,Office Supplies,Storage,4488.03,9,0.34,-628.32,30.07,COD,High
ORD-10794,2024-03-05,2024-03-07,CUST-281,Customer_111,Home Office,West,Illinois,New York City,PROD-8329,Desk,Office Supplies,Phones,3224.9,7,0.4,-644.98,76.99,COD,High
ORD-10795,2024-03-06,2024-03-08,CUST-266,Customer_14,Consumer,East,Florida,Los Angeles,PROD-2790,Laptop,Technology,Tables,3862.15,5,0.25,-193.11,44.01,Credit Card,Medium
ORD-10796,2024-03-07,2024-03-09,CUST-190,Customer_231,Consumer,East,Texas,Miami,PROD-1885,Printer,Office Supplies,Accessories,750.68,8,0.32,-90.08,35.05,UPI,Medium
ORD-10797,2024-03-08,2024-03-10,CUST-813,Customer_84,Home Office,Central,California,New York City,PROD-8734,Laptop,Furniture,Phones,4178.92,7,0.31,-459.68,44.11,UPI,High
ORD-10798,2024-03-09,2024-03-11,CUST-957,Customer_130,Corporate,South,Texas,Chicago,PROD-4906,Monitor,Furniture,Phones,90.32,9,0.14,5.42,63.42,UPI,Low
ORD-10799,2024-03-10,2024-03-12,CUST-630,Customer_231,Corporate,West,Illinois,New York City,PROD-5492,Storage Box,Office Supplies,Chairs,1104.63,1,0.23,-33.14,30.51,UPI,High
ORD-10800,2024-03-11,2024-03-13,CUST-138,Customer_145,Corporate,West,Texas,Miami,PROD-3073,Storage Box,Technology,Accessories,3099.66,9,0.33,-402.96,18.4,UPI,Medium
ORD-10801,2024-03-12,2024-03-14,CUST-225,Customer_28,Consumer,East,Florida,Chicago,PROD-1312,Laptop,Office Supplies,Phones,1907.47,7,0.28,-152.6,48.87,UPI,Low
ORD-10802,2024-03-13,2024-03-15,CUST-550,Customer_66,Corporate,East,California,New York City,PROD-7269,Phone,Furniture,Chairs,4921.76,1,0.01,935.13,54.89,COD,Low
ORD-10803,2024-03-14,2024-03-16,CUST-272,Customer_163,Consumer,South,Florida,Los Angeles,PROD-6317,Printer,Furniture,Accessories,200.18,1,0.13,14.01,58.45,Credit Card,Low
ORD-10804,2024-03-15,2024-03-17,CUST-752,Customer_229,Consumer,South,California,Houston,PROD-1810,Office Chair,Furniture,Storage,4993.06,5,0.06,699.03,71.15,Credit Card,Low
ORD-10805,2024-03-16,2024-03-18,CUST-853,Customer_261,Corporate,South,Illinois,Houston,PROD-7841,Laptop,Office Supplies,Chairs,3136.96,8,0.09,345.07,32.84,UPI,Medium
ORD-10806,2024-03-17,2024-03-19,CUST-319,Customer_164,Corporate,Central,California,Los Angeles,PROD-3032,Office Chair,Furniture,Storage,2815.6,9,0.36,-450.5,10.65,COD,Low
ORD-10807,2024-03-18,2024-03-20,CUST-737,Customer_287,Home Office,East,California,Houston,PROD-8129,Printer,Technology,Tables,344.59,6,0.01,65.47,76.88,COD,High
ORD-10808,2024-03-19,2024-03-21,CUST-157,Customer_10,Home Office,Central,California,Houston,PROD-3705,Laptop,Office Supplies,Tables,1402.98,8,0.09,154.33,37.63,UPI,High
ORD-10809,2024-03-20,2024-03-22,CUST-759,Customer_195,Corporate,East,Texas,Los Angeles,PROD-9788,Phone,Office Supplies,Tables,4627.08,6,0.12,370.17,51.74,Credit Card,High
ORD-10810,2024-03-21,2024-03-23,CUST-575,Customer_118,Consumer,East,Texas,Los Angeles,PROD-3147,Desk,Furniture,Tables,1803.52,6,0.25,-90.18,54.97,UPI,Medium
ORD-10811,2024-03-22,2024-03-24,CUST-555,Customer_270,Consumer,West,Illinois,New York City,PROD-1615,Phone,Furniture,Phones,3325.18,4,0.21,-33.25,45.99,COD,Low
ORD-10812,2024-03-23,2024-03-25,CUST-928,Customer_80,Consumer,East,California,New York City,PROD-1947,Monitor,Technology,Tables,4997.51,5,0.09,549.73,20.39,UPI,High
ORD-10813,2024-03-24,2024-03-26,CUST-994,Customer_93,Consumer,East,New York,Los Angeles,PROD-6677,Phone,Office Supplies,Phones,1352.2,2,0.07,175.79,61.64,Credit Card,High
ORD-10814,2024-03-25,2024-03-27,CUST-460,Customer_266,Consumer,Central,Illinois,Miami,PROD-5651,Desk,Furniture,Phones,2901.6,3,0.09,319.18,65.28,Credit Card,High
ORD-10815,2024-03-26,2024-03-28,CUST-100,Customer_257,Home Office,East,California,Houston,PROD-8866,Monitor,Technology,Accessories,3497.37,3,0.2,0.0,46.47,COD,Low
ORD-10816,2024-03-27,2024-03-29,CUST-486,Customer_133,Corporate,Central,California,New York City,PROD-3013,Desk,Furniture,Phones,864.9,5,0.11,77.84,41.64,UPI,High
ORD-10817,2024-03-28,2024-03-30,CUST-447,Customer_276,Home Office,South,Texas,Houston,PROD-4697,Storage Box,Office Supplies,Phones,785.93,5,0.38,-141.47,13.55,UPI,Low
ORD-10818,2024-03-29,2024-03-31,CUST-289,Customer_264,Consumer,East,Illinois,Chicago,PROD-1490,Desk,Furniture,Tables,2308.72,6,0.19,23.09,11.3,COD,Low
ORD-10819,2024-03-30,2024-04-01,CUST-604,Customer_171,Consumer,East,California,Los Angeles,PROD-5350,Laptop,Office Supplies,Phones,1959.77,5,0.02,352.76,30.47,UPI,Low
ORD-10820,2024-03-31,2024-04-02,CUST-290,Customer_1,Consumer,Central,California,Miami,PROD-3428,Office Chair,Furniture,Storage,3585.37,6,0.29,-322.68,28.31,COD,Medium
ORD-10821,2024-04-01,2024-04-03,CUST-607,Customer_64,Consumer,South,Illinois,Chicago,PROD-5987,Storage Box,Office Supplies,Tables,394.07,8,0.13,27.58,76.52,UPI,Medium
ORD-10822,2024-04-02,2024-04-04,CUST-468,Customer_284,Corporate,West,New York,Chicago,PROD-9733,Storage Box,Technology,Chairs,4862.22,2,0.26,-291.73,63.77,Credit Card,Low
ORD-10823,2024-04-03,2024-04-05,CUST-508,Customer_121,Consumer,South,Illinois,Chicago,PROD-5920,Office Chair,Office Supplies,Tables,120.67,4,0.11,10.86,54.49,COD,Low
ORD-10824,2024-04-04,2024-04-06,CUST-923,Customer_107,Corporate,Central,Illinois,Los Angeles,PROD-3926,Storage Box,Technology,Phones,3026.52,6,0.23,-90.8,43.82,UPI,Medium
ORD-10825,2024-04-05,2024-04-07,CUST-216,Customer_175,Consumer,South,New York,New York City,PROD-8282,Desk,Office Supplies,Storage,2835.03,5,0.31,-311.85,17.55,UPI,Medium
ORD-10826,2024-04-06,2024-04-08,CUST-233,Customer_204,Corporate,Central,Illinois,Los Angeles,PROD-5376,Phone,Technology,Tables,716.84,1,0.37,-121.86,78.38,UPI,Low
ORD-10827,2024-04-07,2024-04-09,CUST-157,Customer_165,Home Office,Central,California,New York City,PROD-5868,Printer,Furniture,Storage,797.03,9,0.1,79.7,33.13,COD,Medium
ORD-10828,2024-04-08,2024-04-10,CUST-655,Customer_120,Consumer,West,Illinois,Chicago,PROD-7986,Desk,Office Supplies,Chairs,3973.75,3,0.13,278.16,13.02,Credit Card,High
ORD-10829,2024-04-09,2024-04-11,CUST-784,Customer_44,Corporate,East,New York,Chicago,PROD-7862,Monitor,Furniture,Chairs,4443.43,2,0.19,44.43,42.03,UPI,Low
ORD-10830,2024-04-10,2024-04-12,CUST-771,Customer_156,Home Office,Central,Florida,Miami,PROD-5423,Monitor,Technology,Accessories,1450.93,9,0.37,-246.66,70.55,COD,Low
ORD-10831,2024-04-11,2024-04-13,CUST-272,Customer_207,Consumer,Central,Illinois,New York City,PROD-7870,Phone,Office Supplies,Accessories,2217.92,7,0.36,-354.87,71.55,UPI,Medium
ORD-10832,2024-04-12,2024-04-14,CUST-928,Customer_108,Consumer,West,Texas,Chicago,PROD-9159,Phone,Office Supplies,Tables,1807.23,5,0.04,289.16,5.82,Credit Card,High
ORD-10833,2024-04-13,2024-04-15,CUST-914,Customer_251,Consumer,Central,California,Houston,PROD-3073,Storage Box,Furniture,Accessories,409.11,6,0.05,61.37,71.47,Credit Card,Medium
ORD-10834,2024-04-14,2024-04-16,CUST-248,Customer_130,Corporate,East,California,Miami,PROD-7170,Laptop,Office Supplies,Storage,3382.36,4,0.2,0.0,25.36,Credit Card,High
ORD-10835,2024-04-15,2024-04-17,CUST-179,Customer_293,Corporate,West,Texas,Los Angeles,PROD-1701,Laptop,Office Supplies,Accessories,4134.71,1,0.04,661.55,7.92,COD,High
ORD-10836,2024-04-16,2024-04-18,CUST-985,Customer_20,Home Office,East,Texas,Miami,PROD-9113,Storage Box,Furniture,Storage,1559.15,4,0.14,93.55,68.58,UPI,Low
ORD-10837,2024-04-17,2024-04-19,CUST-312,Customer_282,Corporate,East,Illinois,Houston,PROD-7825,Storage Box,Office Supplies,Accessories,4951.37,9,0.06,693.19,69.79,COD,High
ORD-10838,2024-04-18,2024-04-20,CUST-302,Customer_285,Corporate,West,Texas,New York City,PROD-8867,Office Chair,Furniture,Accessories,425.47,1,0.25,-21.27,49.72,UPI,Low
ORD-10839,2024-04-19,2024-04-21,CUST-863,Customer_1,Consumer,Central,Florida,Los Angeles,PROD-5264,Office Chair,Furniture,Accessories,3325.86,3,0.38,-598.65,48.08,COD,High
ORD-10840,2024-04-20,2024-04-22,CUST-328,Customer_119,Consumer,East,New York,Los Angeles,PROD-8968,Printer,Furniture,Phones,2268.73,5,0.4,-453.75,65.98,UPI,Low
ORD-10841,2024-04-21,2024-04-23,CUST-775,Customer_35,Consumer,East,Texas,New York City,PROD-9146,Printer,Furniture,Phones,2260.68,7,0.15,113.03,63.97,COD,High
ORD-10842,2024-04-22,2024-04-24,CUST-326,Customer_198,Consumer,East,Texas,Miami,PROD-8776,Printer,Furniture,Accessories,2315.35,9,0.24,-92.61,71.76,UPI,Medium
ORD-10843,2024-04-23,2024-04-25,CUST-758,Customer_245,Consumer,East,Florida,Chicago,PROD-9558,Printer,Technology,Storage,1330.47,6,0.34,-186.27,46.46,COD,High
ORD-10844,2024-04-24,2024-04-26,CUST-631,Customer_59,Consumer,West,California,Miami,PROD-9719,Phone,Technology,Tables,3592.04,3,0.05,538.81,77.57,Credit Card,Medium
ORD-10845,2024-04-25,2024-04-27,CUST-540,Customer_161,Consumer,West,California,Houston,PROD-5886,Phone,Furniture,Chairs,3621.8,7,0.28,-289.74,79.71,COD,High
ORD-10846,2024-04-26,2024-04-28,CUST-501,Customer_179,Home Office,South,Illinois,Chicago,PROD-4935,Office Chair,Technology,Phones,1447.87,4,0.16,57.91,13.74,Credit Card,High
ORD-10847,2024-04-27,2024-04-29,CUST-146,Customer_206,Home Office,South,Florida,Miami,PROD-5619,Laptop,Technology,Accessories,4184.77,3,0.08,502.17,68.72,Credit Card,Low
ORD-10848,2024-04-28,2024-04-30,CUST-332,Customer_12,Home Office,East,New York,New York City,PROD-6191,Storage Box,Office Supplies,Chairs,1618.38,7,0.16,64.74,42.49,UPI,High
ORD-10849,2024-04-29,2024-05-01,CUST-404,Customer_276,Home Office,Central,New York,Houston,PROD-7875,Monitor,Furniture,Phones,3639.21,7,0.03,618.67,34.07,Credit Card,High
ORD-10850,2024-04-30,2024-05-02,CUST-625,Customer_181,Consumer,East,Florida,Houston,PROD-8856,Laptop,Technology,Tables,648.95,4,0.28,-51.92,50.98,Credit Card,High
ORD-10851,2024-05-01,2024-05-03,CUST-242,Customer_242,Home Office,Central,New York,Houston,PROD-6401,Desk,Office Supplies,Storage,885.07,7,0.1,88.51,9.2,UPI,Medium
ORD-10852,2024-05-02,2024-05-04,CUST-514,Customer_216,Consumer,East,California,Chicago,PROD-4022,Phone,Office Supplies,Accessories,1613.19,2,0.12,129.06,42.98,COD,Low
ORD-10853,2024-05-03,2024-05-05,CUST-612,Customer_251,Home Office,South,New York,Los Angeles,PROD-6738,Printer,Furniture,Tables,2989.68,1,0.05,448.45,70.32,COD,Low
ORD-10854,2024-05-04,2024-05-06,CUST-472,Customer_299,Corporate,South,New York,Chicago,PROD-6984,Printer,Furniture,Phones,3245.28,2,0.35,-486.79,21.01,Credit Card,High
ORD-10855,2024-05-05,2024-05-07,CUST-665,Customer_126,Home Office,Central,Florida,Miami,PROD-2770,Desk,Office Supplies,Accessories,2011.96,4,0.2,0.0,36.98,COD,High
ORD-10856,2024-05-06,2024-05-08,CUST-985,Customer_217,Home Office,East,Florida,Los Angeles,PROD-9989,Laptop,Furniture,Chairs,435.3,8,0.23,-13.06,75.46,Credit Card,Medium
ORD-10857,2024-05-07,2024-05-09,CUST-358,Customer_285,Consumer,Central,New York,Miami,PROD-4215,Printer,Furniture,Storage,1899.49,3,0.23,-56.98,37.14,COD,High
ORD-10858,2024-05-08,2024-05-10,CUST-755,Customer_185,Home Office,South,Texas,Los Angeles,PROD-7694,Laptop,Office Supplies,Phones,3459.4,6,0.16,138.38,31.88,COD,Low
ORD-10859,2024-05-09,2024-05-11,CUST-570,Customer_39,Corporate,East,Florida,Chicago,PROD-3976,Storage Box,Office Supplies,Storage,3371.43,6,0.08,404.57,38.04,COD,Low
ORD-10860,2024-05-10,2024-05-12,CUST-111,Customer_223,Consumer,East,Illinois,Houston,PROD-4737,Desk,Furniture,Accessories,842.97,9,0.3,-84.3,43.96,Credit Card,Medium
ORD-10861,2024-05-11,2024-05-13,CUST-429,Customer_184,Consumer,Central,Illinois,New York City,PROD-1752,Monitor,Technology,Tables,88.53,9,0.05,13.28,52.4,UPI,Medium
ORD-10862,2024-05-12,2024-05-14,CUST-835,Customer_178,Home Office,West,California,Houston,PROD-2392,Laptop,Furniture,Storage,3777.26,4,0.04,604.36,65.05,COD,Low
ORD-10863,2024-05-13,2024-05-15,CUST-883,Customer_294,Consumer,Central,New York,Chicago,PROD-7789,Storage Box,Technology,Chairs,576.52,9,0.28,-46.12,38.91,COD,Medium
ORD-10864,2024-05-14,2024-05-16,CUST-457,Customer_151,Consumer,South,Texas,Los Angeles,PROD-1677,Laptop,Office Supplies,Phones,457.63,6,0.08,54.92,66.31,COD,High
ORD-10865,2024-05-15,2024-05-17,CUST-507,Customer_126,Consumer,South,California,Houston,PROD-1105,Laptop,Technology,Chairs,63.37,2,0.12,5.07,45.03,Credit Card,High
ORD-10866,2024-05-16,2024-05-18,CUST-767,Customer_234,Consumer,South,New York,Chicago,PROD-5753,Printer,Office Supplies,Storage,2191.38,6,0.19,21.91,30.39,UPI,Medium
ORD-10867,2024-05-17,2024-05-19,CUST-472,Customer_8,Consumer,South,Florida,Miami,PROD-2946,Office Chair,Furniture,Tables,2541.16,2,0.18,50.82,54.35,Credit Card,Low
ORD-10868,2024-05-18,2024-05-20,CUST-107,Customer_129,Consumer,South,Illinois,New York City,PROD-6544,Phone,Furniture,Tables,3206.44,8,0.28,-256.52,58.83,COD,Medium
ORD-10869,2024-05-19,2024-05-21,CUST-221,Customer_264,Corporate,West,Texas,Houston,PROD-2095,Laptop,Office Supplies,Chairs,1515.52,4,0.25,-75.78,46.85,Credit Card,Low
ORD-10870,2024-05-20,2024-05-22,CUST-447,Customer_157,Home Office,East,Illinois,Los Angeles,PROD-7985,Laptop,Office Supplies,Accessories,3566.6,5,0.26,-214.0,9.25,COD,Medium
ORD-10871,2024-05-21,2024-05-23,CUST-775,Customer_5,Corporate,Central,Florida,Miami,PROD-2782,Laptop,Office Supplies,Accessories,888.19,8,0.29,-79.94,17.74,COD,Medium
ORD-10872,2024-05-22,2024-05-24,CUST-189,Customer_86,Consumer,Central,New York,Chicago,PROD-5541,Office Chair,Furniture,Tables,4168.35,8,0.12,333.47,26.4,Credit Card,Medium
ORD-10873,2024-05-23,2024-05-25,CUST-747,Customer_175,Consumer,South,Florida,New York City,PROD-4257,Storage Box,Furniture,Chairs,2880.65,6,0.13,201.65,26.2,COD,High
ORD-10874,2024-05-24,2024-05-26,CUST-797,Customer_290,Home Office,Central,Florida,Los Angeles,PROD-7213,Monitor,Technology,Chairs,2940.25,4,0.18,58.81,55.51,COD,High
ORD-10875,2024-05-25,2024-05-27,CUST-415,Customer_193,Corporate,South,Illinois,Chicago,PROD-5869,Monitor,Office Supplies,Chairs,1088.39,1,0.12,87.07,6.38,UPI,Low
ORD-10876,2024-05-26,2024-05-28,CUST-277,Customer_119,Home Office,West,Texas,Chicago,PROD-2561,Desk,Technology,Storage,416.84,7,0.39,-79.2,61.68,Credit Card,Medium
ORD-10877,2024-05-27,2024-05-29,CUST-639,Customer_218,Corporate,West,Florida,Houston,PROD-5006,Printer,Furniture,Accessories,2350.39,8,0.33,-305.55,24.9,Credit Card,High
ORD-10878,2024-05-28,2024-05-30,CUST-831,Customer_114,Consumer,East,Illinois,Houston,PROD-4981,Office Chair,Technology,Accessories,3097.28,9,0.07,402.65,28.25,COD,Medium
ORD-10879,2024-05-29,2024-05-31,CUST-968,Customer_145,Home Office,West,Texas,Los Angeles,PROD-6682,Storage Box,Technology,Storage,520.48,2,0.0,104.1,44.59,COD,Low
ORD-10880,2024-05-30,2024-06-01,CUST-140,Customer_26,Home Office,West,New York,Chicago,PROD-6782,Laptop,Furniture,Phones,4755.15,1,0.02,855.93,21.19,Credit Card,High
ORD-10881,2024-05-31,2024-06-02,CUST-839,Customer_136,Consumer,East,New York,Houston,PROD-1943,Storage Box,Furniture,Storage,4903.05,4,0.1,490.31,71.34,Credit Card,Low
ORD-10882,2024-06-01,2024-06-03,CUST-803,Customer_232,Home Office,Central,California,New York City,PROD-5550,Office Chair,Office Supplies,Chairs,2750.01,5,0.05,412.5,11.4,Credit Card,High
ORD-10883,2024-06-02,2024-06-04,CUST-601,Customer_76,Corporate,South,Illinois,New York City,PROD-1600,Office Chair,Technology,Storage,4752.84,1,0.21,-47.53,38.33,COD,Medium
ORD-10884,2024-06-03,2024-06-05,CUST-244,Customer_289,Corporate,South,Texas,Chicago,PROD-7376,Office Chair,Furniture,Chairs,938.25,5,0.34,-131.36,68.71,UPI,Low
ORD-10885,2024-06-04,2024-06-06,CUST-300,Customer_1,Corporate,Central,Florida,Houston,PROD-2524,Desk,Furniture,Tables,175.83,6,0.29,-15.82,51.19,UPI,High
ORD-10886,2024-06-05,2024-06-07,CUST-823,Customer_147,Corporate,East,New York,Los Angeles,PROD-4766,Phone,Technology,Chairs,245.08,3,0.09,26.96,26.92,COD,High
ORD-10887,2024-06-06,2024-06-08,CUST-560,Customer_287,Consumer,Central,Texas,Los Angeles,PROD-1250,Printer,Furniture,Accessories,2958.19,7,0.16,118.33,36.56,COD,Medium
ORD-10888,2024-06-07,2024-06-09,CUST-831,Customer_142,Home Office,West,Illinois,Los Angeles,PROD-1078,Desk,Office Supplies,Storage,355.13,6,0.2,0.0,58.0,COD,Low
ORD-10889,2024-06-08,2024-06-10,CUST-851,Customer_53,Corporate,East,California,New York City,PROD-4123,Desk,Office Supplies,Chairs,4794.8,4,0.32,-575.38,77.99,Credit Card,Low
ORD-10890,2024-06-09,2024-06-11,CUST-657,Customer_69,Consumer,East,New York,Houston,PROD-8064,Phone,Technology,Phones,752.57,3,0.34,-105.36,71.99,COD,Low
ORD-10891,2024-06-10,2024-06-12,CUST-646,Customer_90,Home Office,East,Texas,Houston,PROD-9417,Desk,Office Supplies,Tables,1558.38,5,0.36,-249.34,30.68,Credit Card,Medium
ORD-10892,2024-06-11,2024-06-13,CUST-352,Customer_220,Home Office,South,Texas,New York City,PROD-2209,Office Chair,Furniture,Phones,4121.46,3,0.2,0.0,79.86,UPI,High
ORD-10893,2024-06-12,2024-06-14,CUST-489,Customer_192,Consumer,Central,Texas,Los Angeles,PROD-6153,Office Chair,Furniture,Phones,1132.76,9,0.28,-90.62,5.26,COD,High
ORD-10894,2024-06-13,2024-06-15,CUST-693,Customer_63,Consumer,East,Illinois,Los Angeles,PROD-5898,Storage Box,Furniture,Phones,1252.69,9,0.04,200.43,7.07,COD,Low
ORD-10895,2024-06-14,2024-06-16,CUST-982,Customer_73,Corporate,East,Illinois,Chicago,PROD-3178,Laptop,Furniture,Tables,3229.43,6,0.23,-96.88,66.79,Credit Card,High
ORD-10896,2024-06-15,2024-06-17,CUST-355,Customer_161,Home Office,East,Illinois,Miami,PROD-8610,Desk,Technology,Tables,1416.63,6,0.1,141.66,19.96,Credit Card,Low
ORD-10897,2024-06-16,2024-06-18,CUST-808,Customer_169,Home Office,Central,Florida,Houston,PROD-9895,Laptop,Office Supplies,Tables,1126.37,4,0.17,33.79,9.56,Credit Card,Medium
ORD-10898,2024-06-17,2024-06-19,CUST-914,Customer_89,Consumer,South,Texas,Houston,PROD-3544,Printer,Office Supplies,Tables,1308.18,4,0.25,-65.41,22.79,UPI,Medium
ORD-10899,2024-06-18,2024-06-20,CUST-549,Customer_176,Home Office,West,New York,Houston,PROD-6522,Monitor,Furniture,Phones,2478.71,2,0.1,247.87,36.96,UPI,Medium
ORD-10900,2024-06-19,2024-06-21,CUST-109,Customer_269,Corporate,South,Illinois,Miami,PROD-3370,Office Chair,Technology,Accessories,4832.19,4,0.02,869.79,59.79,COD,Low
ORD-10901,2024-06-20,2024-06-22,CUST-923,Customer_73,Home Office,East,Illinois,Chicago,PROD-4281,Storage Box,Furniture,Accessories,4169.58,8,0.0,833.92,51.83,COD,High
ORD-10902,2024-06-21,2024-06-23,CUST-897,Customer_245,Consumer,South,Texas,Miami,PROD-5710,Printer,Furniture,Tables,1458.82,2,0.01,277.18,22.82,Credit Card,Medium
ORD-10903,2024-06-22,2024-06-24,CUST-341,Customer_77,Consumer,South,Illinois,Los Angeles,PROD-1328,Storage Box,Technology,Storage,1848.7,9,0.0,369.74,42.75,UPI,Low
ORD-10904,2024-06-23,2024-06-25,CUST-350,Customer_159,Corporate,West,Florida,Los Angeles,PROD-6579,Monitor,Technology,Chairs,2349.34,1,0.04,375.89,74.47,COD,Low
ORD-10905,2024-06-24,2024-06-26,CUST-976,Customer_98,Corporate,Central,Florida,Houston,PROD-5228,Monitor,Furniture,Storage,4895.7,2,0.1,489.57,66.13,Credit Card,Medium
ORD-10906,2024-06-25,2024-06-27,CUST-104,Customer_102,Home Office,Central,Illinois,New York City,PROD-7794,Phone,Office Supplies,Storage,903.33,2,0.09,99.37,29.24,Credit Card,Medium
ORD-10907,2024-06-26,2024-06-28,CUST-218,Customer_132,Home Office,South,Texas,Houston,PROD-1120,Office Chair,Furniture,Storage,1819.54,6,0.39,-345.71,78.67,UPI,Medium
ORD-10908,2024-06-27,2024-06-29,CUST-900,Customer_102,Consumer,South,Texas,New York City,PROD-7749,Printer,Office Supplies,Accessories,3660.66,7,0.12,292.85,58.15,UPI,High
ORD-10909,2024-06-28,2024-06-30,CUST-473,Customer_19,Corporate,Central,Texas,Miami,PROD-1964,Phone,Office Supplies,Chairs,4821.52,3,0.05,723.23,9.68,COD,High
ORD-10910,2024-06-29,2024-07-01,CUST-164,Customer_82,Corporate,Central,California,Los Angeles,PROD-5224,Monitor,Technology,Storage,820.59,9,0.22,-16.41,7.64,COD,Low
ORD-10911,2024-06-30,2024-07-02,CUST-245,Customer_279,Corporate,West,Illinois,New York City,PROD-4675,Printer,Technology,Tables,1175.53,5,0.34,-164.57,17.63,Credit Card,Medium
ORD-10912,2024-07-01,2024-07-03,CUST-323,Customer_129,Home Office,East,Texas,Miami,PROD-6694,Storage Box,Furniture,Accessories,1167.19,5,0.27,-81.7,59.59,Credit Card,Medium
ORD-10913,2024-07-02,2024-07-04,CUST-338,Customer_89,Corporate,South,Florida,Los Angeles,PROD-3076,Phone,Office Supplies,Tables,153.61,4,0.12,12.29,18.78,Credit Card,High
ORD-10914,2024-07-03,2024-07-05,CUST-276,Customer_213,Consumer,Central,New York,New York City,PROD-7865,Phone,Office Supplies,Tables,3040.37,9,0.22,-60.81,43.36,COD,Medium
ORD-10915,2024-07-04,2024-07-06,CUST-878,Customer_143,Consumer,South,New York,Houston,PROD-6643,Office Chair,Furniture,Storage,3369.98,8,0.29,-303.3,11.99,UPI,Low
ORD-10916,2024-07-05,2024-07-07,CUST-952,Customer_65,Home Office,South,Texas,Houston,PROD-9524,Laptop,Furniture,Tables,3032.5,4,0.29,-272.92,74.07,COD,Medium
ORD-10917,2024-07-06,2024-07-08,CUST-381,Customer_76,Home Office,Central,New York,Houston,PROD-6249,Storage Box,Furniture,Chairs,403.05,4,0.27,-28.21,30.8,UPI,High
ORD-10918,2024-07-07,2024-07-09,CUST-162,Customer_199,Corporate,West,New York,Miami,PROD-2316,Storage Box,Technology,Tables,392.69,2,0.35,-58.9,73.11,COD,Low
ORD-10919,2024-07-08,2024-07-10,CUST-316,Customer_143,Home Office,South,California,Houston,PROD-2196,Phone,Furniture,Storage,1091.41,9,0.35,-163.71,75.87,COD,Low
ORD-10920,2024-07-09,2024-07-11,CUST-953,Customer_93,Consumer,West,Florida,Chicago,PROD-4170,Phone,Furniture,Tables,1486.96,3,0.23,-44.61,5.46,UPI,Medium
ORD-10921,2024-07-10,2024-07-12,CUST-926,Customer_224,Corporate,Central,Florida,Los Angeles,PROD-1355,Office Chair,Office Supplies,Accessories,3943.39,4,0.17,118.3,39.81,COD,Low
ORD-10922,2024-07-11,2024-07-13,CUST-894,Customer_291,Consumer,East,California,Miami,PROD-1028,Laptop,Furniture,Accessories,838.98,7,0.26,-50.34,6.85,COD,Medium
ORD-10923,2024-07-12,2024-07-14,CUST-788,Customer_102,Corporate,East,California,Houston,PROD-2013,Storage Box,Office Supplies,Accessories,268.26,8,0.33,-34.87,73.15,Credit Card,Medium
ORD-10924,2024-07-13,2024-07-15,CUST-560,Customer_267,Home Office,South,New York,Los Angeles,PROD-3024,Monitor,Office Supplies,Phones,2000.24,8,0.0,400.05,43.88,UPI,High
ORD-10925,2024-07-14,2024-07-16,CUST-709,Customer_110,Corporate,Central,Illinois,New York City,PROD-9490,Desk,Technology,Accessories,2111.14,4,0.4,-422.23,10.62,UPI,Low
ORD-10926,2024-07-15,2024-07-17,CUST-204,Customer_265,Corporate,West,New York,Houston,PROD-6839,Desk,Furniture,Accessories,2281.99,7,0.07,296.66,13.27,Credit Card,Medium
ORD-10927,2024-07-16,2024-07-18,CUST-198,Customer_3,Consumer,South,California,Los Angeles,PROD-6791,Laptop,Furniture,Phones,4143.17,1,0.19,41.43,33.76,UPI,Medium
ORD-10928,2024-07-17,2024-07-19,CUST-610,Customer_85,Consumer,Central,Florida,Chicago,PROD-1754,Printer,Office Supplies,Accessories,535.13,6,0.35,-80.27,75.52,Credit Card,Medium
ORD-10929,2024-07-18,2024-07-20,CUST-484,Customer_282,Corporate,Central,New York,New York City,PROD-9961,Office Chair,Technology,Storage,3534.51,6,0.09,388.8,56.97,UPI,Low
ORD-10930,2024-07-19,2024-07-21,CUST-504,Customer_117,Home Office,West,Illinois,Chicago,PROD-4735,Laptop,Technology,Accessories,1722.83,6,0.19,17.23,70.07,UPI,Low
ORD-10931,2024-07-20,2024-07-22,CUST-922,Customer_221,Home Office,South,New York,Los Angeles,PROD-2238,Desk,Furniture,Accessories,1584.4,2,0.05,237.66,32.48,UPI,Low
ORD-10932,2024-07-21,2024-07-23,CUST-617,Customer_154,Consumer,Central,Texas,Chicago,PROD-2906,Phone,Office Supplies,Phones,4666.09,8,0.16,186.64,8.24,UPI,Medium
ORD-10933,2024-07-22,2024-07-24,CUST-575,Customer_153,Home Office,Central,New York,Los Angeles,PROD-8399,Desk,Furniture,Storage,1279.92,5,0.07,166.39,78.07,Credit Card,Low
ORD-10934,2024-07-23,2024-07-25,CUST-808,Customer_12,Consumer,Central,California,Los Angeles,PROD-8961,Phone,Furniture,Tables,3230.53,5,0.15,161.53,6.29,Credit Card,Medium
ORD-10935,2024-07-24,2024-07-26,CUST-962,Customer_133,Home Office,West,Florida,Chicago,PROD-5601,Office Chair,Furniture,Chairs,1411.88,2,0.15,70.59,76.07,UPI,Low
ORD-10936,2024-07-25,2024-07-27,CUST-744,Customer_293,Corporate,South,Florida,Los Angeles,PROD-2460,Phone,Furniture,Storage,2560.36,4,0.4,-512.07,32.65,COD,Low
ORD-10937,2024-07-26,2024-07-28,CUST-969,Customer_228,Consumer,South,California,Houston,PROD-8669,Laptop,Office Supplies,Tables,3942.15,9,0.4,-788.43,5.76,Credit Card,Medium
ORD-10938,2024-07-27,2024-07-29,CUST-870,Customer_271,Consumer,South,Texas,Los Angeles,PROD-2416,Phone,Technology,Storage,4414.53,9,0.05,662.18,56.69,UPI,Low
ORD-10939,2024-07-28,2024-07-30,CUST-536,Customer_43,Corporate,South,California,Miami,PROD-8766,Printer,Furniture,Tables,4201.55,6,0.29,-378.14,78.54,Credit Card,Medium
ORD-10940,2024-07-29,2024-07-31,CUST-122,Customer_21,Consumer,East,New York,Los Angeles,PROD-2428,Laptop,Furniture,Tables,2931.79,9,0.02,527.72,77.42,COD,Low
ORD-10941,2024-07-30,2024-08-01,CUST-664,Customer_107,Home Office,East,California,Miami,PROD-5378,Office Chair,Furniture,Storage,1281.64,4,0.01,243.51,17.07,COD,Low
ORD-10942,2024-07-31,2024-08-02,CUST-776,Customer_117,Home Office,South,California,Los Angeles,PROD-8529,Laptop,Furniture,Phones,3323.11,1,0.04,531.7,18.59,COD,Low
ORD-10943,2024-08-01,2024-08-03,CUST-813,Customer_124,Consumer,West,Texas,Los Angeles,PROD-5474,Printer,Technology,Storage,3564.03,2,0.39,-677.17,47.42,UPI,Low
ORD-10944,2024-08-02,2024-08-04,CUST-557,Customer_281,Home Office,East,New York,Chicago,PROD-4071,Office Chair,Technology,Storage,102.93,1,0.38,-18.53,52.8,UPI,High
ORD-10945,2024-08-03,2024-08-05,CUST-182,Customer_292,Consumer,Central,Illinois,Houston,PROD-1555,Desk,Technology,Tables,2224.09,8,0.08,266.89,60.46,COD,Medium
ORD-10946,2024-08-04,2024-08-06,CUST-244,Customer_203,Corporate,East,Illinois,Houston,PROD-9547,Printer,Technology,Chairs,4224.15,9,0.06,591.38,18.58,Credit Card,High
ORD-10947,2024-08-05,2024-08-07,CUST-184,Customer_51,Consumer,Central,Florida,New York City,PROD-2563,Office Chair,Furniture,Tables,2473.46,6,0.1,247.35,76.93,Credit Card,Low
ORD-10948,2024-08-06,2024-08-08,CUST-177,Customer_271,Corporate,South,California,Chicago,PROD-2040,Monitor,Office Supplies,Accessories,1591.31,2,0.21,-15.91,52.91,COD,Low
ORD-10949,2024-08-07,2024-08-09,CUST-556,Customer_277,Home Office,East,Florida,Chicago,PROD-3686,Phone,Technology,Storage,4365.4,6,0.23,-130.96,68.53,UPI,Medium
ORD-10950,2024-08-08,2024-08-10,CUST-977,Customer_141,Corporate,West,Texas,Houston,PROD-3553,Laptop,Technology,Storage,821.61,9,0.09,90.38,45.5,Credit Card,Medium
ORD-10951,2024-08-09,2024-08-11,CUST-100,Customer_275,Home Office,East,Illinois,Chicago,PROD-2779,Office Chair,Furniture,Phones,1071.9,3,0.3,-107.19,36.07,Credit Card,Medium
ORD-10952,2024-08-10,2024-08-12,CUST-150,Customer_290,Consumer,East,California,Houston,PROD-1075,Laptop,Furniture,Tables,3452.49,9,0.12,276.2,78.29,Credit Card,Medium
ORD-10953,2024-08-11,2024-08-13,CUST-784,Customer_52,Home Office,East,Texas,Chicago,PROD-5326,Phone,Furniture,Phones,1794.56,2,0.37,-305.08,48.66,UPI,Low
ORD-10954,2024-08-12,2024-08-14,CUST-816,Customer_27,Consumer,South,Texas,Los Angeles,PROD-6835,Office Chair,Furniture,Storage,3579.43,5,0.26,-214.77,70.02,COD,Medium
ORD-10955,2024-08-13,2024-08-15,CUST-871,Customer_157,Consumer,West,California,Houston,PROD-6057,Desk,Office Supplies,Tables,830.63,2,0.17,24.92,76.5,UPI,High
ORD-10956,2024-08-14,2024-08-16,CUST-545,Customer_239,Corporate,East,Texas,Houston,PROD-3349,Monitor,Office Supplies,Tables,1298.73,7,0.32,-155.85,55.65,Credit Card,Medium
ORD-10957,2024-08-15,2024-08-17,CUST-548,Customer_156,Corporate,West,California,Miami,PROD-3773,Monitor,Technology,Accessories,825.4,9,0.33,-107.3,46.17,COD,Medium
ORD-10958,2024-08-16,2024-08-18,CUST-980,Customer_291,Corporate,South,California,Chicago,PROD-3262,Printer,Office Supplies,Accessories,4766.91,7,0.12,381.35,5.26,UPI,High
ORD-10959,2024-08-17,2024-08-19,CUST-587,Customer_136,Corporate,Central,New York,Chicago,PROD-4229,Office Chair,Technology,Chairs,2056.75,5,0.14,123.4,8.0,COD,High
ORD-10960,2024-08-18,2024-08-20,CUST-899,Customer_144,Home Office,East,Florida,Houston,PROD-1392,Phone,Technology,Accessories,1719.24,4,0.37,-292.27,20.06,Credit Card,High
ORD-10961,2024-08-19,2024-08-21,CUST-133,Customer_106,Home Office,West,Texas,Los Angeles,PROD-2108,Office Chair,Office Supplies,Tables,120.3,4,0.07,15.64,18.95,UPI,High
ORD-10962,2024-08-20,2024-08-22,CUST-447,Customer_158,Home Office,West,Texas,Los Angeles,PROD-5362,Laptop,Technology,Accessories,809.42,8,0.02,145.7,24.11,COD,Medium
ORD-10963,2024-08-21,2024-08-23,CUST-194,Customer_146,Consumer,South,New York,Los Angeles,PROD-6188,Storage Box,Furniture,Chairs,2134.62,1,0.18,42.69,27.87,UPI,High
ORD-10964,2024-08-22,2024-08-24,CUST-171,Customer_2,Home Office,East,New York,Chicago,PROD-9802,Office Chair,Technology,Storage,389.09,5,0.32,-46.69,32.0,Credit Card,Low
ORD-10965,2024-08-23,2024-08-25,CUST-650,Customer_77,Home Office,Central,New York,Miami,PROD-6057,Monitor,Furniture,Accessories,2578.16,2,0.31,-283.6,36.54,COD,Medium
ORD-10966,2024-08-24,2024-08-26,CUST-253,Customer_132,Home Office,West,Illinois,Houston,PROD-4998,Monitor,Office Supplies,Tables,2302.33,9,0.37,-391.4,12.41,Credit Card,Low
ORD-10967,2024-08-25,2024-08-27,CUST-349,Customer_90,Corporate,East,Illinois,New York City,PROD-9864,Monitor,Office Supplies,Storage,3847.48,7,0.21,-38.47,8.18,COD,Medium
ORD-10968,2024-08-26,2024-08-28,CUST-773,Customer_263,Home Office,Central,Illinois,Miami,PROD-7566,Desk,Technology,Tables,3316.02,8,0.04,530.56,55.55,Credit Card,Medium
ORD-10969,2024-08-27,2024-08-29,CUST-537,Customer_108,Consumer,West,California,New York City,PROD-4677,Office Chair,Furniture,Storage,2257.44,6,0.24,-90.3,45.3,Credit Card,Low
ORD-10970,2024-08-28,2024-08-30,CUST-217,Customer_74,Corporate,West,Texas,Miami,PROD-6796,Printer,Technology,Tables,1162.07,9,0.31,-127.83,38.31,UPI,High
ORD-10971,2024-08-29,2024-08-31,CUST-870,Customer_39,Consumer,Central,Florida,Los Angeles,PROD-7363,Office Chair,Office Supplies,Accessories,3647.97,6,0.04,583.68,52.58,Credit Card,High
ORD-10972,2024-08-30,2024-09-01,CUST-990,Customer_159,Home Office,Central,California,Chicago,PROD-9123,Storage Box,Technology,Accessories,3553.92,7,0.07,462.01,67.08,UPI,Low
ORD-10973,2024-08-31,2024-09-02,CUST-405,Customer_71,Corporate,South,Texas,New York City,PROD-9222,Monitor,Technology,Chairs,808.82,7,0.0,161.76,37.08,Credit Card,High
ORD-10974,2024-09-01,2024-09-03,CUST-367,Customer_241,Consumer,East,Texas,Miami,PROD-8690,Laptop,Furniture,Storage,4578.02,9,0.24,-183.12,53.08,Credit Card,Medium
ORD-10975,2024-09-02,2024-09-04,CUST-153,Customer_298,Home Office,East,New York,Chicago,PROD-2400,Monitor,Office Supplies,Chairs,368.81,8,0.35,-55.32,76.52,Credit Card,Medium
ORD-10976,2024-09-03,2024-09-05,CUST-335,Customer_36,Consumer,South,New York,New York City,PROD-5071,Office Chair,Technology,Phones,322.44,1,0.27,-22.57,67.97,COD,Medium
ORD-10977,2024-09-04,2024-09-06,CUST-488,Customer_84,Consumer,West,California,Houston,PROD-9808,Desk,Furniture,Accessories,977.38,4,0.39,-185.7,36.95,UPI,High
ORD-10978,2024-09-05,2024-09-07,CUST-833,Customer_263,Consumer,Central,New York,Miami,PROD-3786,Phone,Technology,Storage,4551.83,7,0.03,773.81,53.35,COD,High
ORD-10979,2024-09-06,2024-09-08,CUST-862,Customer_172,Home Office,Central,Texas,Houston,PROD-8169,Office Chair,Furniture,Chairs,2623.99,8,0.36,-419.84,18.28,UPI,Low
ORD-10980,2024-09-07,2024-09-09,CUST-924,Customer_173,Home Office,Central,New York,Los Angeles,PROD-1870,Office Chair,Furniture,Chairs,3950.31,7,0.33,-513.54,47.04,Credit Card,Medium
ORD-10981,2024-09-08,2024-09-10,CUST-500,Customer_47,Consumer,West,Illinois,Houston,PROD-5196,Printer,Technology,Phones,1177.82,3,0.13,82.45,78.6,COD,Low
ORD-10982,2024-09-09,2024-09-11,CUST-723,Customer_141,Corporate,Central,New York,Houston,PROD-3739,Desk,Office Supplies,Chairs,2476.6,4,0.39,-470.55,43.87,UPI,High
ORD-10983,2024-09-10,2024-09-12,CUST-866,Customer_118,Corporate,Central,Texas,Miami,PROD-1940,Storage Box,Office Supplies,Tables,1823.53,7,0.12,145.88,74.57,Credit Card,Low
ORD-10984,2024-09-11,2024-09-13,CUST-402,Customer_277,Home Office,South,California,Los Angeles,PROD-1340,Phone,Furniture,Accessories,4147.75,8,0.36,-663.64,35.55,UPI,High
ORD-10985,2024-09-12,2024-09-14,CUST-306,Customer_214,Home Office,West,Florida,Houston,PROD-8422,Monitor,Office Supplies,Chairs,161.89,7,0.35,-24.28,79.91,UPI,Medium
ORD-10986,2024-09-13,2024-09-15,CUST-328,Customer_220,Home Office,East,New York,Chicago,PROD-5133,Laptop,Furniture,Chairs,1257.02,6,0.3,-125.7,48.44,Credit Card,Medium
ORD-10987,2024-09-14,2024-09-16,CUST-952,Customer_26,Home Office,South,Texas,New York City,PROD-1659,Office Chair,Office Supplies,Phones,805.24,9,0.23,-24.16,8.17,COD,High
ORD-10988,2024-09-15,2024-09-17,CUST-677,Customer_9,Home Office,South,Florida,Houston,PROD-4457,Storage Box,Technology,Tables,4302.99,9,0.05,645.45,49.01,Credit Card,High
ORD-10989,2024-09-16,2024-09-18,CUST-174,Customer_271,Corporate,East,Florida,Los Angeles,PROD-3975,Phone,Office Supplies,Chairs,2364.34,7,0.21,-23.64,25.59,COD,High
ORD-10990,2024-09-17,2024-09-19,CUST-534,Customer_10,Home Office,South,Illinois,Houston,PROD-1453,Laptop,Furniture,Accessories,2050.89,8,0.14,123.05,7.44,UPI,Medium
ORD-10991,2024-09-18,2024-09-20,CUST-202,Customer_121,Consumer,West,Florida,New York City,PROD-9184,Storage Box,Furniture,Accessories,2274.94,6,0.32,-272.99,66.56,UPI,High
ORD-10992,2024-09-19,2024-09-21,CUST-521,Customer_125,Consumer,Central,Texas,Los Angeles,PROD-6442,Desk,Office Supplies,Chairs,4861.03,1,0.3,-486.1,25.68,UPI,Medium
ORD-10993,2024-09-20,2024-09-22,CUST-803,Customer_170,Corporate,West,Texas,Miami,PROD-1818,Desk,Technology,Tables,4258.82,1,0.36,-681.41,64.74,COD,Low
ORD-10994,2024-09-21,2024-09-23,CUST-863,Customer_72,Consumer,East,New York,Los Angeles,PROD-5868,Phone,Furniture,Accessories,3546.53,6,0.01,673.84,26.62,Credit Card,Medium
ORD-10995,2024-09-22,2024-09-24,CUST-837,Customer_152,Corporate,East,New York,Miami,PROD-1012,Monitor,Furniture,Accessories,1487.87,2,0.32,-178.54,19.57,COD,Low
ORD-10996,2024-09-23,2024-09-25,CUST-905,Customer_208,Corporate,South,New York,Los Angeles,PROD-8727,Laptop,Furniture,Tables,867.61,8,0.38,-156.17,78.05,UPI,Medium
ORD-10997,2024-09-24,2024-09-26,CUST-405,Customer_49,Consumer,West,Florida,New York City,PROD-1920,Desk,Furniture,Tables,4611.1,1,0.32,-553.33,32.12,UPI,Medium
ORD-10998,2024-09-25,2024-09-27,CUST-197,Customer_154,Home Office,West,Florida,New York City,PROD-5920,Phone,Furniture,Chairs,2144.22,2,0.05,321.63,50.1,Credit Card,High
ORD-10999,2024-09-26,2024-09-28,CUST-949,Customer_293,Consumer,East,Illinois,Los Angeles,PROD-3418,Desk,Technology,Storage,1429.84,8,0.03,243.07,50.75,COD,Medium
ORD-11000,2024-09-27,2024-09-29,CUST-897,Customer_68,Consumer,West,New York,Houston,PROD-7475,Desk,Office Supplies,Phones,2381.06,6,0.01,452.4,47.04,UPI,High
ORD-11001,2024-09-28,2024-09-30,CUST-434,Customer_50,Corporate,East,California,New York City,PROD-3017,Storage Box,Technology,Storage,4593.34,2,0.25,-229.67,73.6,COD,High
ORD-11002,2024-09-29,2024-10-01,CUST-958,Customer_152,Consumer,West,Illinois,Miami,PROD-8957,Storage Box,Technology,Storage,1965.98,2,0.25,-98.3,55.58,COD,High
ORD-11003,2024-09-30,2024-10-02,CUST-534,Customer_19,Corporate,West,California,Miami,PROD-5792,Desk,Furniture,Accessories,2835.07,7,0.39,-538.66,35.28,Credit Card,Medium
ORD-11004,2024-10-01,2024-10-03,CUST-546,Customer_100,Home Office,West,Florida,Chicago,PROD-7830,Printer,Technology,Tables,4024.68,5,0.16,160.99,69.68,Credit Card,High
ORD-11005,2024-10-02,2024-10-04,CUST-407,Customer_60,Home Office,East,Illinois,Miami,PROD-3434,Storage Box,Furniture,Accessories,2164.31,5,0.13,151.5,18.58,UPI,Low
ORD-11006,2024-10-03,2024-10-05,CUST-348,Customer_167,Home Office,South,Illinois,Chicago,PROD-3868,Laptop,Technology,Phones,1206.03,8,0.25,-60.3,45.82,Credit Card,Low
ORD-11007,2024-10-04,2024-10-06,CUST-265,Customer_202,Consumer,West,Texas,Los Angeles,PROD-2438,Phone,Furniture,Chairs,4972.9,7,0.33,-646.48,76.29,COD,Medium
ORD-11008,2024-10-05,2024-10-07,CUST-580,Customer_146,Corporate,East,Florida,Los Angeles,PROD-4543,Phone,Furniture,Phones,4785.03,9,0.37,-813.46,51.9,Credit Card,High
ORD-11009,2024-10-06,2024-10-08,CUST-434,Customer_164,Home Office,East,Florida,Los Angeles,PROD-2781,Monitor,Technology,Accessories,4225.22,4,0.32,-507.03,66.27,COD,Low
ORD-11010,2024-10-07,2024-10-09,CUST-641,Customer_242,Corporate,West,Illinois,Houston,PROD-7343,Laptop,Technology,Accessories,3457.45,4,0.17,103.72,54.02,UPI,Medium
ORD-11011,2024-10-08,2024-10-10,CUST-858,Customer_69,Corporate,West,Florida,Houston,PROD-3263,Laptop,Office Supplies,Accessories,1509.58,2,0.25,-75.48,67.95,COD,Medium
ORD-11012,2024-10-09,2024-10-11,CUST-205,Customer_175,Home Office,South,Illinois,Chicago,PROD-1211,Laptop,Office Supplies,Accessories,4571.39,3,0.34,-639.99,75.84,Credit Card,Medium
ORD-11013,2024-10-10,2024-10-12,CUST-662,Customer_49,Home Office,East,Texas,Miami,PROD-9699,Monitor,Office Supplies,Storage,1414.01,1,0.2,0.0,25.47,Credit Card,Medium
ORD-11014,2024-10-11,2024-10-13,CUST-180,Customer_108,Corporate,East,Illinois,Miami,PROD-7159,Laptop,Technology,Chairs,4014.01,1,0.09,441.54,17.72,UPI,Medium
ORD-11015,2024-10-12,2024-10-14,CUST-232,Customer_226,Home Office,Central,Florida,Los Angeles,PROD-8027,Office Chair,Technology,Storage,4595.38,7,0.07,597.4,41.3,Credit Card,High
ORD-11016,2024-10-13,2024-10-15,CUST-896,Customer_161,Corporate,East,Florida,New York City,PROD-1331,Monitor,Furniture,Accessories,3034.87,5,0.0,606.97,57.64,UPI,High
ORD-11017,2024-10-14,2024-10-16,CUST-237,Customer_119,Corporate,South,Illinois,Houston,PROD-7860,Phone,Office Supplies,Tables,4025.13,3,0.29,-362.26,22.04,UPI,High
ORD-11018,2024-10-15,2024-10-17,CUST-283,Customer_149,Home Office,Central,Illinois,Houston,PROD-9044,Office Chair,Furniture,Storage,3968.89,7,0.04,635.02,5.31,Credit Card,High
ORD-11019,2024-10-16,2024-10-18,CUST-500,Customer_150,Consumer,Central,Illinois,Los Angeles,PROD-9169,Monitor,Furniture,Accessories,1006.13,2,0.1,100.61,30.72,COD,Medium
ORD-11020,2024-10-17,2024-10-19,CUST-429,Customer_293,Home Office,Central,New York,Houston,PROD-9742,Desk,Furniture,Accessories,3356.23,3,0.12,268.5,77.66,UPI,Medium
ORD-11021,2024-10-18,2024-10-20,CUST-884,Customer_143,Consumer,West,Florida,Los Angeles,PROD-6720,Desk,Furniture,Chairs,512.67,1,0.22,-10.25,57.12,COD,Low
ORD-11022,2024-10-19,2024-10-21,CUST-607,Customer_160,Corporate,West,Florida,Chicago,PROD-1727,Phone,Office Supplies,Phones,2563.86,8,0.16,102.55,35.1,Credit Card,Low
ORD-11023,2024-10-20,2024-10-22,CUST-951,Customer_11,Corporate,East,New York,Miami,PROD-5975,Desk,Furniture,Storage,853.07,2,0.27,-59.71,19.44,COD,High
ORD-11024,2024-10-21,2024-10-23,CUST-168,Customer_138,Consumer,Central,Illinois,New York City,PROD-4243,Laptop,Technology,Storage,2110.93,7,0.02,379.97,31.71,COD,Medium
ORD-11025,2024-10-22,2024-10-24,CUST-645,Customer_78,Corporate,South,Texas,Miami,PROD-1648,Monitor,Technology,Storage,4173.26,9,0.05,625.99,17.74,COD,Low
ORD-11026,2024-10-23,2024-10-25,CUST-873,Customer_77,Consumer,West,Illinois,Miami,PROD-6095,Office Chair,Technology,Accessories,4936.48,6,0.2,0.0,12.97,COD,Low
ORD-11027,2024-10-24,2024-10-26,CUST-152,Customer_254,Consumer,South,Illinois,Chicago,PROD-7614,Laptop,Office Supplies,Chairs,1623.9,2,0.13,113.67,73.01,Credit Card,Low
ORD-11028,2024-10-25,2024-10-27,CUST-549,Customer_258,Corporate,South,New York,Houston,PROD-8135,Desk,Furniture,Accessories,2683.18,2,0.12,214.65,79.82,Credit Card,Low
ORD-11029,2024-10-26,2024-10-28,CUST-304,Customer_291,Consumer,West,Florida,New York City,PROD-2009,Storage Box,Office Supplies,Accessories,2580.93,9,0.03,438.76,17.31,COD,High
ORD-11030,2024-10-27,2024-10-29,CUST-225,Customer_263,Home Office,West,Illinois,Houston,PROD-2550,Office Chair,Furniture,Tables,4774.29,8,0.36,-763.89,9.09,Credit Card,Medium
ORD-11031,2024-10-28,2024-10-30,CUST-846,Customer_85,Home Office,West,Florida,Miami,PROD-9995,Laptop,Office Supplies,Chairs,2418.99,9,0.28,-193.52,29.73,Credit Card,High
ORD-11032,2024-10-29,2024-10-31,CUST-142,Customer_146,Corporate,West,California,Los Angeles,PROD-8492,Monitor,Office Supplies,Storage,3510.58,4,0.05,526.59,39.62,UPI,Low
ORD-11033,2024-10-30,2024-11-01,CUST-851,Customer_42,Corporate,Central,Florida,Miami,PROD-4401,Phone,Furniture,Phones,4612.86,4,0.03,784.19,20.36,Credit Card,Low
ORD-11034,2024-10-31,2024-11-02,CUST-982,Customer_125,Consumer,Central,Texas,Houston,PROD-8447,Laptop,Office Supplies,Storage,1898.22,2,0.39,-360.66,27.61,COD,Medium
ORD-11035,2024-11-01,2024-11-03,CUST-210,Customer_167,Consumer,Central,Texas,Miami,PROD-6424,Storage Box,Furniture,Accessories,4515.51,1,0.27,-316.09,20.07,Credit Card,Medium
ORD-11036,2024-11-02,2024-11-04,CUST-860,Customer_241,Consumer,Central,Illinois,Los Angeles,PROD-5241,Desk,Technology,Chairs,4591.41,4,0.17,137.74,63.07,Credit Card,High
ORD-11037,2024-11-03,2024-11-05,CUST-762,Customer_280,Consumer,East,Florida,Chicago,PROD-4161,Office Chair,Technology,Chairs,4656.78,8,0.28,-372.54,58.44,Credit Card,Medium
ORD-11038,2024-11-04,2024-11-06,CUST-282,Customer_188,Home Office,Central,Illinois,Houston,PROD-5155,Phone,Technology,Chairs,1388.71,2,0.3,-138.87,52.62,Credit Card,High
ORD-11039,2024-11-05,2024-11-07,CUST-947,Customer_19,Home Office,West,New York,Miami,PROD-8478,Office Chair,Office Supplies,Tables,2031.76,8,0.31,-223.49,34.04,UPI,High
ORD-11040,2024-11-06,2024-11-08,CUST-194,Customer_68,Corporate,South,Texas,Houston,PROD-9719,Phone,Technology,Storage,4358.46,1,0.19,43.58,73.18,COD,Low
ORD-11041,2024-11-07,2024-11-09,CUST-473,Customer_218,Consumer,Central,Illinois,Chicago,PROD-7617,Monitor,Furniture,Tables,1827.85,1,0.17,54.84,77.71,COD,High
ORD-11042,2024-11-08,2024-11-10,CUST-619,Customer_102,Consumer,East,New York,Miami,PROD-6660,Office Chair,Technology,Phones,3021.25,4,0.0,604.25,18.02,Credit Card,Low
ORD-11043,2024-11-09,2024-11-11,CUST-459,Customer_42,Corporate,West,Illinois,Miami,PROD-9624,Desk,Technology,Accessories,634.37,7,0.37,-107.84,21.73,Credit Card,High
ORD-11044,2024-11-10,2024-11-12,CUST-795,Customer_288,Consumer,South,Florida,Houston,PROD-2176,Monitor,Office Supplies,Tables,328.56,9,0.24,-13.14,44.42,UPI,High
ORD-11045,2024-11-11,2024-11-13,CUST-380,Customer_167,Consumer,South,Florida,Houston,PROD-8956,Monitor,Furniture,Tables,2089.37,5,0.08,250.72,11.84,Credit Card,Medium
ORD-11046,2024-11-12,2024-11-14,CUST-294,Customer_109,Consumer,Central,Florida,Los Angeles,PROD-9592,Phone,Office Supplies,Accessories,2915.64,2,0.37,-495.66,37.73,UPI,Medium
ORD-11047,2024-11-13,2024-11-15,CUST-963,Customer_36,Consumer,South,Florida,Chicago,PROD-3233,Printer,Office Supplies,Chairs,1993.86,7,0.37,-338.96,48.63,COD,Low
ORD-11048,2024-11-14,2024-11-16,CUST-294,Customer_232,Consumer,Central,California,Los Angeles,PROD-5700,Office Chair,Furniture,Accessories,2909.79,2,0.4,-581.96,44.16,COD,Medium
ORD-11049,2024-11-15,2024-11-17,CUST-766,Customer_229,Corporate,Central,New York,Miami,PROD-6906,Office Chair,Office Supplies,Storage,2599.67,9,0.35,-389.95,29.82,UPI,High
ORD-11050,2024-11-16,2024-11-18,CUST-192,Customer_164,Consumer,West,New York,Houston,PROD-8860,Laptop,Furniture,Accessories,3444.25,9,0.4,-688.85,45.68,COD,Low
ORD-11051,2024-11-17,2024-11-19,CUST-771,Customer_73,Corporate,West,Florida,Miami,PROD-8526,Phone,Technology,Chairs,3265.19,3,0.1,326.52,76.91,Credit Card,Low
ORD-11052,2024-11-18,2024-11-20,CUST-160,Customer_136,Consumer,East,California,Miami,PROD-6559,Storage Box,Furniture,Accessories,2150.02,8,0.34,-301.0,20.45,Credit Card,Low
ORD-11053,2024-11-19,2024-11-21,CUST-733,Customer_70,Home Office,West,Florida,New York City,PROD-7732,Printer,Furniture,Tables,2153.73,4,0.33,-279.98,54.11,UPI,High
ORD-11054,2024-11-20,2024-11-22,CUST-150,Customer_196,Home Office,West,California,New York City,PROD-3513,Desk,Furniture,Phones,746.85,3,0.09,82.15,8.25,COD,Medium
ORD-11055,2024-11-21,2024-11-23,CUST-502,Customer_269,Home Office,Central,Florida,Miami,PROD-8830,Laptop,Office Supplies,Tables,2590.53,1,0.04,414.48,9.98,COD,Low
ORD-11056,2024-11-22,2024-11-24,CUST-888,Customer_49,Home Office,West,Texas,Houston,PROD-7944,Printer,Furniture,Phones,2956.54,5,0.39,-561.74,46.39,UPI,High
ORD-11057,2024-11-23,2024-11-25,CUST-104,Customer_130,Corporate,Central,Texas,Miami,PROD-8910,Phone,Furniture,Accessories,2408.62,4,0.12,192.69,12.87,UPI,Medium
ORD-11058,2024-11-24,2024-11-26,CUST-565,Customer_5,Corporate,Central,Illinois,New York City,PROD-6649,Printer,Furniture,Storage,1662.25,1,0.35,-249.34,6.68,COD,Medium
ORD-11059,2024-11-25,2024-11-27,CUST-703,Customer_27,Consumer,West,Florida,Houston,PROD-2096,Monitor,Technology,Accessories,3622.16,8,0.0,724.43,17.86,UPI,Low
ORD-11060,2024-11-26,2024-11-28,CUST-781,Customer_160,Home Office,East,New York,Miami,PROD-2951,Office Chair,Furniture,Chairs,419.58,8,0.01,79.72,47.36,Credit Card,High
ORD-11061,2024-11-27,2024-11-29,CUST-928,Customer_149,Corporate,East,Illinois,Chicago,PROD-8799,Monitor,Office Supplies,Accessories,4576.48,8,0.19,45.76,57.75,COD,Medium
ORD-11062,2024-11-28,2024-11-30,CUST-633,Customer_264,Consumer,South,Texas,Chicago,PROD-9804,Office Chair,Furniture,Phones,152.19,3,0.1,15.22,20.19,UPI,High
ORD-11063,2024-11-29,2024-12-01,CUST-504,Customer_230,Consumer,South,Florida,Miami,PROD-1595,Laptop,Furniture,Tables,4813.63,6,0.28,-385.09,55.12,UPI,Medium
ORD-11064,2024-11-30,2024-12-02,CUST-937,Customer_200,Corporate,West,Illinois,Houston,PROD-8875,Phone,Technology,Storage,2338.66,7,0.23,-70.16,18.69,UPI,Low
ORD-11065,2024-12-01,2024-12-03,CUST-612,Customer_50,Home Office,East,Florida,Miami,PROD-5439,Phone,Furniture,Accessories,2092.72,9,0.03,355.76,51.01,COD,Low
ORD-11066,2024-12-02,2024-12-04,CUST-744,Customer_67,Consumer,Central,Texas,Miami,PROD-6972,Printer,Office Supplies,Accessories,1319.4,5,0.07,171.52,35.9,Credit Card,Medium
ORD-11067,2024-12-03,2024-12-05,CUST-332,Customer_58,Home Office,South,Illinois,New York City,PROD-1858,Laptop,Furniture,Tables,99.85,9,0.16,3.99,54.03,Credit Card,High
ORD-11068,2024-12-04,2024-12-06,CUST-623,Customer_259,Home Office,Central,Texas,Chicago,PROD-6519,Phone,Office Supplies,Storage,1410.21,6,0.07,183.33,79.63,COD,Medium
ORD-11069,2024-12-05,2024-12-07,CUST-445,Customer_130,Home Office,South,California,New York City,PROD-8385,Storage Box,Technology,Accessories,591.53,4,0.32,-70.98,75.34,UPI,High
ORD-11070,2024-12-06,2024-12-08,CUST-145,Customer_215,Consumer,West,Texas,New York City,PROD-9636,Storage Box,Furniture,Accessories,3316.11,1,0.17,99.48,5.32,COD,Medium
ORD-11071,2024-12-07,2024-12-09,CUST-645,Customer_172,Home Office,East,Florida,Miami,PROD-5317,Monitor,Technology,Phones,1629.42,1,0.04,260.71,71.41,COD,Low
ORD-11072,2024-12-08,2024-12-10,CUST-177,Customer_258,Consumer,South,New York,New York City,PROD-4454,Office Chair,Furniture,Phones,3847.54,5,0.19,38.48,9.99,UPI,High
ORD-11073,2024-12-09,2024-12-11,CUST-829,Customer_102,Home Office,East,Texas,Chicago,PROD-2030,Printer,Office Supplies,Chairs,1074.24,3,0.04,171.88,76.48,COD,Low
ORD-11074,2024-12-10,2024-12-12,CUST-912,Customer_209,Consumer,Central,New York,New York City,PROD-8906,Desk,Technology,Tables,4506.16,5,0.05,675.92,26.14,Credit Card,High
ORD-11075,2024-12-11,2024-12-13,CUST-172,Customer_291,Home Office,West,California,Chicago,PROD-2447,Office Chair,Furniture,Storage,2638.76,5,0.1,263.88,33.65,COD,Medium
ORD-11076,2024-12-12,2024-12-14,CUST-893,Customer_286,Corporate,East,Illinois,New York City,PROD-3850,Laptop,Office Supplies,Accessories,616.81,1,0.34,-86.35,11.87,UPI,Low
ORD-11077,2024-12-13,2024-12-15,CUST-348,Customer_116,Home Office,West,Illinois,Chicago,PROD-9106,Phone,Technology,Accessories,2034.18,8,0.37,-345.81,13.42,COD,Low
ORD-11078,2024-12-14,2024-12-16,CUST-146,Customer_264,Home Office,East,New York,New York City,PROD-8151,Office Chair,Furniture,Chairs,1073.46,5,0.33,-139.55,59.51,Credit Card,High
ORD-11079,2024-12-15,2024-12-17,CUST-220,Customer_150,Consumer,Central,Illinois,New York City,PROD-7952,Desk,Technology,Accessories,1038.44,5,0.13,72.69,75.82,COD,High
ORD-11080,2024-12-16,2024-12-18,CUST-313,Customer_36,Consumer,Central,Texas,Houston,PROD-5055,Desk,Furniture,Tables,2556.53,9,0.11,230.09,50.81,COD,High
ORD-11081,2024-12-17,2024-12-19,CUST-338,Customer_287,Home Office,West,New York,Chicago,PROD-6402,Storage Box,Office Supplies,Chairs,3375.87,8,0.22,-67.52,58.69,COD,Low
ORD-11082,2024-12-18,2024-12-20,CUST-155,Customer_208,Corporate,Central,Florida,Chicago,PROD-2672,Laptop,Office Supplies,Tables,4562.51,1,0.29,-410.63,62.15,COD,Medium
ORD-11083,2024-12-19,2024-12-21,CUST-449,Customer_106,Corporate,South,Texas,Chicago,PROD-5532,Office Chair,Technology,Chairs,2535.7,3,0.4,-507.14,24.71,UPI,High
ORD-11084,2024-12-20,2024-12-22,CUST-206,Customer_158,Consumer,East,Texas,Los Angeles,PROD-5924,Printer,Technology,Accessories,4830.9,7,0.05,724.64,8.39,Credit Card,Medium
ORD-11085,2024-12-21,2024-12-23,CUST-930,Customer_121,Corporate,Central,Texas,New York City,PROD-7085,Office Chair,Furniture,Chairs,4711.09,1,0.02,848.0,5.14,Credit Card,High
ORD-11086,2024-12-22,2024-12-24,CUST-147,Customer_55,Home Office,South,Florida,Chicago,PROD-8734,Storage Box,Office Supplies,Phones,4332.06,1,0.28,-346.56,31.3,Credit Card,Medium
ORD-11087,2024-12-23,2024-12-25,CUST-672,Customer_12,Consumer,West,California,Los Angeles,PROD-5864,Monitor,Furniture,Storage,2524.89,5,0.33,-328.24,23.11,COD,High
ORD-11088,2024-12-24,2024-12-26,CUST-436,Customer_145,Home Office,South,Illinois,Houston,PROD-2221,Desk,Office Supplies,Accessories,747.47,9,0.34,-104.65,9.67,Credit Card,Medium
ORD-11089,2024-12-25,2024-12-27,CUST-125,Customer_136,Consumer,West,New York,Chicago,PROD-3860,Laptop,Technology,Storage,1128.63,6,0.27,-79.0,18.46,UPI,Low
ORD-11090,2024-12-26,2024-12-28,CUST-903,Customer_3,Consumer,West,California,Chicago,PROD-9428,Laptop,Furniture,Accessories,3255.97,2,0.38,-586.07,14.34,COD,High
ORD-11091,2024-12-27,2024-12-29,CUST-356,Customer_144,Consumer,East,New York,Los Angeles,PROD-4253,Printer,Furniture,Storage,2137.69,9,0.2,0.0,73.62,COD,High
ORD-11092,2024-12-28,2024-12-30,CUST-107,Customer_30,Consumer,East,Illinois,New York City,PROD-4782,Laptop,Office Supplies,Phones,776.67,6,0.37,-132.03,15.52,Credit Card,Low
ORD-11093,2024-12-29,2024-12-31,CUST-724,Customer_237,Corporate,South,Florida,Houston,PROD-7957,Storage Box,Office Supplies,Storage,2421.02,5,0.39,-459.99,45.32,COD,High
ORD-11094,2024-12-30,2025-01-01,CUST-966,Customer_279,Home Office,East,Texas,Chicago,PROD-1766,Storage Box,Office Supplies,Chairs,136.28,5,0.34,-19.08,49.48,COD,High
ORD-11095,2024-12-31,2025-01-02,CUST-352,Customer_115,Home Office,East,Texas,New York City,PROD-3681,Storage Box,Technology,Storage,3682.78,3,0.12,294.62,45.76,Credit Card,Low
ORD-11096,2025-01-01,2025-01-03,CUST-791,Customer_104,Home Office,East,Florida,Houston,PROD-8710,Laptop,Furniture,Accessories,414.23,6,0.08,49.71,12.43,UPI,Low
ORD-11097,2025-01-02,2025-01-04,CUST-818,Customer_118,Consumer,South,California,Miami,PROD-8482,Laptop,Office Supplies,Tables,3164.11,4,0.22,-63.28,28.91,UPI,Medium
ORD-11098,2025-01-03,2025-01-05,CUST-402,Customer_5,Corporate,Central,California,Miami,PROD-6086,Storage Box,Technology,Storage,3975.4,2,0.18,79.51,8.85,Credit Card,Low
ORD-11099,2025-01-04,2025-01-06,CUST-738,Customer_248,Home Office,East,New York,Houston,PROD-8964,Laptop,Office Supplies,Storage,706.59,3,0.35,-105.99,34.68,UPI,Low
ORD-11100,2025-01-05,2025-01-07,CUST-155,Customer_121,Corporate,East,Florida,Los Angeles,PROD-3665,Laptop,Furniture,Storage,2617.26,9,0.04,418.76,19.14,UPI,High
ORD-11101,2025-01-06,2025-01-08,CUST-825,Customer_286,Consumer,South,California,Houston,PROD-4513,Desk,Office Supplies,Accessories,3906.38,9,0.1,390.64,47.12,UPI,Low
ORD-11102,2025-01-07,2025-01-09,CUST-625,Customer_149,Home Office,Central,Florida,Houston,PROD-1495,Office Chair,Furniture,Storage,1340.14,6,0.3,-134.01,56.96,COD,High
ORD-11103,2025-01-08,2025-01-10,CUST-573,Customer_84,Corporate,East,Illinois,Los Angeles,PROD-6822,Phone,Technology,Accessories,856.44,9,0.04,137.03,44.91,COD,Low
ORD-11104,2025-01-09,2025-01-11,CUST-127,Customer_231,Consumer,West,Texas,Los Angeles,PROD-3072,Laptop,Technology,Accessories,1717.25,4,0.13,120.21,37.57,COD,Low
ORD-11105,2025-01-10,2025-01-12,CUST-177,Customer_288,Corporate,South,Texas,New York City,PROD-8795,Phone,Office Supplies,Tables,2795.76,5,0.15,139.79,34.05,UPI,Medium
ORD-11106,2025-01-11,2025-01-13,CUST-315,Customer_161,Home Office,East,Texas,New York City,PROD-9529,Monitor,Furniture,Chairs,2897.63,6,0.25,-144.88,68.13,COD,Low
ORD-11107,2025-01-12,2025-01-14,CUST-485,Customer_272,Home Office,East,Florida,Los Angeles,PROD-4949,Phone,Furniture,Accessories,697.84,9,0.06,97.7,21.45,UPI,Low
ORD-11108,2025-01-13,2025-01-15,CUST-464,Customer_38,Consumer,West,Florida,Miami,PROD-7033,Desk,Furniture,Phones,2314.97,5,0.34,-324.1,60.07,Credit Card,High
ORD-11109,2025-01-14,2025-01-16,CUST-765,Customer_226,Consumer,West,New York,Miami,PROD-9328,Laptop,Office Supplies,Storage,1378.0,8,0.18,27.56,61.81,UPI,High
ORD-11110,2025-01-15,2025-01-17,CUST-625,Customer_142,Consumer,South,Texas,Houston,PROD-3555,Storage Box,Furniture,Phones,4218.02,1,0.37,-717.06,36.44,COD,Medium
ORD-11111,2025-01-16,2025-01-18,CUST-798,Customer_292,Corporate,South,New York,Chicago,PROD-7370,Phone,Furniture,Storage,1602.2,5,0.19,16.02,27.3,UPI,Low
ORD-11112,2025-01-17,2025-01-19,CUST-411,Customer_151,Corporate,West,Texas,Houston,PROD-5415,Laptop,Furniture,Tables,4201.59,1,0.11,378.14,40.29,COD,High
ORD-11113,2025-01-18,2025-01-20,CUST-982,Customer_114,Corporate,South,New York,Houston,PROD-6959,Printer,Furniture,Accessories,2171.39,6,0.06,303.99,11.99,COD,Low
ORD-11114,2025-01-19,2025-01-21,CUST-106,Customer_237,Consumer,West,New York,Chicago,PROD-6993,Monitor,Office Supplies,Chairs,3646.6,7,0.0,729.32,8.44,Credit Card,Medium
ORD-11115,2025-01-20,2025-01-22,CUST-102,Customer_66,Home Office,East,Illinois,Los Angeles,PROD-6021,Storage Box,Office Supplies,Accessories,2574.8,5,0.21,-25.75,13.37,Credit Card,High
ORD-11116,2025-01-21,2025-01-23,CUST-722,Customer_258,Home Office,West,New York,Miami,PROD-3907,Printer,Furniture,Storage,3128.71,1,0.04,500.59,19.04,COD,High
ORD-11117,2025-01-22,2025-01-24,CUST-849,Customer_249,Corporate,West,Florida,Houston,PROD-3914,Printer,Furniture,Chairs,2007.01,6,0.16,80.28,42.81,UPI,Medium
ORD-11118,2025-01-23,2025-01-25,CUST-462,Customer_180,Corporate,Central,New York,Chicago,PROD-4870,Phone,Technology,Accessories,3852.62,5,0.24,-154.1,68.69,Credit Card,Low
ORD-11119,2025-01-24,2025-01-26,CUST-850,Customer_190,Home Office,West,Texas,New York City,PROD-6085,Printer,Technology,Chairs,2154.69,6,0.11,193.92,22.67,Credit Card,High
ORD-11120,2025-01-25,2025-01-27,CUST-607,Customer_154,Home Office,West,New York,Houston,PROD-7546,Desk,Furniture,Storage,2314.44,7,0.07,300.88,75.14,COD,High
ORD-11121,2025-01-26,2025-01-28,CUST-373,Customer_196,Corporate,Central,California,Miami,PROD-1395,Desk,Furniture,Tables,2612.51,7,0.31,-287.38,76.62,UPI,Medium
ORD-11122,2025-01-27,2025-01-29,CUST-605,Customer_262,Corporate,South,Texas,Los Angeles,PROD-1938,Phone,Technology,Tables,4167.53,2,0.38,-750.16,76.92,Credit Card,Medium
ORD-11123,2025-01-28,2025-01-30,CUST-905,Customer_143,Home Office,Central,California,Houston,PROD-3510,Laptop,Technology,Accessories,3313.93,3,0.04,530.23,67.82,Credit Card,Medium
ORD-11124,2025-01-29,2025-01-31,CUST-838,Customer_101,Consumer,East,Texas,Houston,PROD-5636,Office Chair,Furniture,Phones,1778.34,6,0.06,248.97,32.29,UPI,Low
ORD-11125,2025-01-30,2025-02-01,CUST-982,Customer_244,Corporate,Central,Florida,Chicago,PROD-2649,Laptop,Office Supplies,Storage,3368.08,3,0.38,-606.25,10.45,Credit Card,Low
ORD-11126,2025-01-31,2025-02-02,CUST-114,Customer_12,Home Office,East,Florida,New York City,PROD-4690,Laptop,Office Supplies,Accessories,3230.01,2,0.02,581.4,47.66,UPI,Low
ORD-11127,2025-02-01,2025-02-03,CUST-291,Customer_239,Home Office,South,Florida,New York City,PROD-4435,Laptop,Furniture,Accessories,4658.55,4,0.39,-885.12,46.9,COD,Medium
ORD-11128,2025-02-02,2025-02-04,CUST-730,Customer_49,Home Office,Central,California,Los Angeles,PROD-4201,Laptop,Furniture,Tables,4215.01,5,0.0,843.0,68.75,Credit Card,High
ORD-11129,2025-02-03,2025-02-05,CUST-584,Customer_42,Home Office,Central,Illinois,Miami,PROD-5179,Storage Box,Technology,Chairs,3254.86,9,0.35,-488.23,79.7,COD,Low
ORD-11130,2025-02-04,2025-02-06,CUST-127,Customer_166,Consumer,South,Texas,Los Angeles,PROD-9405,Office Chair,Technology,Storage,1740.46,3,0.12,139.24,43.11,UPI,Medium
ORD-11131,2025-02-05,2025-02-07,CUST-813,Customer_82,Home Office,East,Florida,Houston,PROD-4237,Storage Box,Office Supplies,Chairs,3908.9,3,0.38,-703.6,30.89,COD,Low
ORD-11132,2025-02-06,2025-02-08,CUST-138,Customer_291,Corporate,Central,Texas,Houston,PROD-4862,Printer,Furniture,Storage,2897.28,6,0.13,202.81,18.94,COD,High
ORD-11133,2025-02-07,2025-02-09,CUST-372,Customer_158,Consumer,East,California,New York City,PROD-1058,Monitor,Technology,Phones,4927.09,5,0.26,-295.63,5.36,COD,High
ORD-11134,2025-02-08,2025-02-10,CUST-330,Customer_216,Home Office,Central,Illinois,Miami,PROD-5938,Laptop,Office Supplies,Tables,1275.16,6,0.03,216.78,43.18,UPI,Medium
ORD-11135,2025-02-09,2025-02-11,CUST-185,Customer_158,Consumer,West,California,Chicago,PROD-3971,Monitor,Office Supplies,Phones,444.3,7,0.1,44.43,46.66,UPI,High
ORD-11136,2025-02-10,2025-02-12,CUST-573,Customer_134,Corporate,Central,Texas,Miami,PROD-9314,Desk,Office Supplies,Accessories,395.96,3,0.31,-43.56,66.87,UPI,Medium
ORD-11137,2025-02-11,2025-02-13,CUST-225,Customer_67,Home Office,South,Illinois,Houston,PROD-4345,Phone,Technology,Tables,3218.15,5,0.21,-32.18,42.84,UPI,Medium
ORD-11138,2025-02-12,2025-02-14,CUST-911,Customer_7,Corporate,South,Illinois,Chicago,PROD-3486,Phone,Technology,Accessories,4699.34,8,0.37,-798.89,73.74,UPI,Medium
ORD-11139,2025-02-13,2025-02-15,CUST-636,Customer_14,Home Office,East,California,Miami,PROD-1561,Storage Box,Furniture,Phones,59.56,4,0.17,1.79,52.11,Credit Card,Medium
ORD-11140,2025-02-14,2025-02-16,CUST-244,Customer_73,Home Office,Central,Florida,Miami,PROD-4981,Storage Box,Furniture,Storage,3642.57,2,0.35,-546.39,68.03,Credit Card,High
ORD-11141,2025-02-15,2025-02-17,CUST-624,Customer_163,Home Office,East,Texas,Chicago,PROD-7261,Desk,Office Supplies,Accessories,3302.47,4,0.18,66.05,16.12,Credit Card,High
ORD-11142,2025-02-16,2025-02-18,CUST-311,Customer_66,Home Office,East,New York,Houston,PROD-2737,Laptop,Office Supplies,Chairs,3674.91,2,0.39,-698.23,69.15,COD,High
ORD-11143,2025-02-17,2025-02-19,CUST-124,Customer_130,Home Office,West,New York,Miami,PROD-4554,Monitor,Technology,Storage,1809.26,3,0.38,-325.67,55.64,COD,High
ORD-11144,2025-02-18,2025-02-20,CUST-679,Customer_206,Consumer,West,California,Chicago,PROD-8095,Monitor,Technology,Storage,4111.46,4,0.13,287.8,17.77,UPI,Medium
ORD-11145,2025-02-19,2025-02-21,CUST-493,Customer_276,Home Office,South,Texas,Houston,PROD-9266,Office Chair,Furniture,Phones,271.3,4,0.35,-40.69,19.23,UPI,Medium
ORD-11146,2025-02-20,2025-02-22,CUST-166,Customer_256,Home Office,East,Texas,Chicago,PROD-1294,Printer,Furniture,Phones,3789.38,9,0.34,-530.51,74.49,Credit Card,High
ORD-11147,2025-02-21,2025-02-23,CUST-332,Customer_266,Consumer,South,California,Chicago,PROD-9212,Phone,Furniture,Tables,1372.01,6,0.08,164.64,7.42,UPI,Low
ORD-11148,2025-02-22,2025-02-24,CUST-208,Customer_25,Consumer,Central,Texas,Miami,PROD-6330,Printer,Technology,Tables,2410.35,9,0.25,-120.52,39.69,COD,Low
ORD-11149,2025-02-23,2025-02-25,CUST-245,Customer_281,Consumer,East,Florida,Houston,PROD-5655,Office Chair,Office Supplies,Chairs,4122.05,4,0.03,700.75,28.51,UPI,Low
ORD-11150,2025-02-24,2025-02-26,CUST-210,Customer_253,Consumer,East,California,Miami,PROD-2109,Storage Box,Furniture,Storage,1393.23,9,0.33,-181.12,54.88,Credit Card,High
ORD-11151,2025-02-25,2025-02-27,CUST-327,Customer_289,Consumer,Central,Florida,Los Angeles,PROD-4771,Monitor,Furniture,Chairs,966.78,9,0.07,125.68,67.97,UPI,Medium
ORD-11152,2025-02-26,2025-02-28,CUST-210,Customer_164,Consumer,Central,Texas,Los Angeles,PROD-9563,Phone,Technology,Chairs,3422.5,6,0.03,581.83,32.03,COD,Medium
ORD-11153,2025-02-27,2025-03-01,CUST-569,Customer_95,Home Office,South,California,Houston,PROD-7123,Printer,Furniture,Phones,2690.3,5,0.16,107.61,37.02,Credit Card,Low
ORD-11154,2025-02-28,2025-03-02,CUST-133,Customer_270,Home Office,South,Texas,Chicago,PROD-8647,Storage Box,Office Supplies,Chairs,2596.3,3,0.23,-77.89,78.64,UPI,Low
ORD-11155,2025-03-01,2025-03-03,CUST-722,Customer_110,Corporate,Central,California,Miami,PROD-2174,Office Chair,Technology,Chairs,1321.01,5,0.34,-184.94,63.79,COD,Medium
ORD-11156,2025-03-02,2025-03-04,CUST-875,Customer_238,Home Office,South,Texas,Miami,PROD-2164,Printer,Furniture,Accessories,222.66,3,0.39,-42.31,72.29,Credit Card,Low
ORD-11157,2025-03-03,2025-03-05,CUST-468,Customer_25,Home Office,Central,Florida,Houston,PROD-9712,Monitor,Furniture,Tables,2080.83,5,0.18,41.62,37.91,Credit Card,Low
ORD-11158,2025-03-04,2025-03-06,CUST-847,Customer_141,Consumer,East,Florida,Houston,PROD-5466,Laptop,Technology,Tables,577.47,5,0.02,103.94,22.56,COD,Medium
ORD-11159,2025-03-05,2025-03-07,CUST-694,Customer_117,Consumer,East,Texas,Los Angeles,PROD-6538,Storage Box,Technology,Storage,4534.65,2,0.3,-453.46,35.89,UPI,Low
ORD-11160,2025-03-06,2025-03-08,CUST-653,Customer_25,Home Office,West,California,New York City,PROD-8111,Office Chair,Furniture,Tables,254.19,9,0.23,-7.63,58.71,UPI,Low
ORD-11161,2025-03-07,2025-03-09,CUST-524,Customer_79,Corporate,East,New York,Houston,PROD-9434,Printer,Office Supplies,Storage,2186.67,7,0.18,43.73,13.21,UPI,High
ORD-11162,2025-03-08,2025-03-10,CUST-712,Customer_68,Consumer,Central,Florida,New York City,PROD-3800,Monitor,Technology,Accessories,308.62,6,0.12,24.69,25.29,Credit Card,Low
ORD-11163,2025-03-09,2025-03-11,CUST-617,Customer_173,Home Office,South,Florida,Houston,PROD-5607,Laptop,Office Supplies,Tables,522.94,5,0.2,0.0,8.5,Credit Card,High
ORD-11164,2025-03-10,2025-03-12,CUST-791,Customer_12,Home Office,West,New York,Chicago,PROD-8262,Laptop,Furniture,Accessories,3311.39,4,0.14,198.68,37.43,UPI,Medium
ORD-11165,2025-03-11,2025-03-13,CUST-381,Customer_288,Corporate,South,Texas,Chicago,PROD-2541,Office Chair,Office Supplies,Tables,3253.2,8,0.3,-325.32,67.06,Credit Card,High
ORD-11166,2025-03-12,2025-03-14,CUST-419,Customer_128,Corporate,Central,California,Los Angeles,PROD-3765,Desk,Furniture,Tables,213.61,2,0.22,-4.27,6.85,Credit Card,Medium
ORD-11167,2025-03-13,2025-03-15,CUST-837,Customer_96,Consumer,East,Texas,Los Angeles,PROD-5491,Monitor,Furniture,Accessories,55.6,8,0.35,-8.34,55.65,COD,High
ORD-11168,2025-03-14,2025-03-16,CUST-542,Customer_92,Corporate,West,Illinois,New York City,PROD-4083,Monitor,Furniture,Chairs,440.15,1,0.22,-8.8,74.94,UPI,High
ORD-11169,2025-03-15,2025-03-17,CUST-414,Customer_141,Home Office,Central,Florida,Houston,PROD-6356,Phone,Furniture,Chairs,3826.84,1,0.1,382.68,22.77,UPI,High
ORD-11170,2025-03-16,2025-03-18,CUST-976,Customer_31,Home Office,West,Illinois,Miami,PROD-2857,Office Chair,Office Supplies,Chairs,2943.65,3,0.34,-412.11,57.02,UPI,Low
ORD-11171,2025-03-17,2025-03-19,CUST-840,Customer_20,Corporate,West,Florida,Los Angeles,PROD-1769,Laptop,Furniture,Chairs,238.69,5,0.22,-4.77,78.13,Credit Card,Low
ORD-11172,2025-03-18,2025-03-20,CUST-476,Customer_146,Corporate,East,Florida,Miami,PROD-2422,Laptop,Furniture,Tables,2466.08,6,0.08,295.93,77.17,Credit Card,Low
ORD-11173,2025-03-19,2025-03-21,CUST-388,Customer_160,Corporate,Central,Illinois,Miami,PROD-9598,Office Chair,Office Supplies,Phones,3574.55,4,0.25,-178.73,22.62,Credit Card,Low
ORD-11174,2025-03-20,2025-03-22,CUST-536,Customer_43,Corporate,South,Illinois,Houston,PROD-3972,Desk,Technology,Accessories,4351.31,7,0.14,261.08,12.52,UPI,Low
ORD-11175,2025-03-21,2025-03-23,CUST-761,Customer_254,Consumer,West,Texas,New York City,PROD-2872,Phone,Office Supplies,Phones,4673.48,7,0.34,-654.29,16.12,Credit Card,High
ORD-11176,2025-03-22,2025-03-24,CUST-376,Customer_130,Corporate,West,Illinois,Houston,PROD-6599,Printer,Office Supplies,Phones,1670.83,2,0.18,33.42,57.65,UPI,Low
ORD-11177,2025-03-23,2025-03-25,CUST-809,Customer_60,Consumer,South,Texas,Los Angeles,PROD-3269,Office Chair,Office Supplies,Storage,722.37,2,0.29,-65.01,59.43,Credit Card,Medium
ORD-11178,2025-03-24,2025-03-26,CUST-681,Customer_151,Home Office,Central,Texas,Miami,PROD-6275,Phone,Furniture,Chairs,1222.78,2,0.04,195.64,55.57,UPI,High
ORD-11179,2025-03-25,2025-03-27,CUST-602,Customer_287,Corporate,West,Texas,Houston,PROD-5749,Monitor,Furniture,Tables,3892.05,2,0.16,155.68,30.21,COD,High
ORD-11180,2025-03-26,2025-03-28,CUST-723,Customer_5,Consumer,West,Florida,Houston,PROD-7571,Phone,Furniture,Chairs,4858.85,9,0.39,-923.18,17.73,Credit Card,Medium
ORD-11181,2025-03-27,2025-03-29,CUST-615,Customer_266,Corporate,West,Florida,Houston,PROD-6072,Storage Box,Technology,Chairs,2358.65,5,0.32,-283.04,48.56,UPI,Low
ORD-11182,2025-03-28,2025-03-30,CUST-449,Customer_130,Home Office,Central,Illinois,Los Angeles,PROD-6463,Laptop,Furniture,Phones,1561.5,8,0.06,218.61,41.28,COD,Medium
ORD-11183,2025-03-29,2025-03-31,CUST-942,Customer_267,Home Office,Central,Florida,New York City,PROD-8450,Printer,Technology,Storage,2174.49,5,0.11,195.7,59.66,COD,High
ORD-11184,2025-03-30,2025-04-01,CUST-545,Customer_178,Home Office,South,Illinois,Houston,PROD-9420,Office Chair,Furniture,Chairs,1558.83,5,0.13,109.12,38.1,Credit Card,High
ORD-11185,2025-03-31,2025-04-02,CUST-929,Customer_253,Corporate,Central,Florida,Los Angeles,PROD-4959,Laptop,Office Supplies,Accessories,1319.61,1,0.26,-79.18,30.4,UPI,High
ORD-11186,2025-04-01,2025-04-03,CUST-449,Customer_56,Corporate,Central,California,Miami,PROD-2313,Storage Box,Furniture,Accessories,2989.07,6,0.3,-298.91,27.01,Credit Card,Medium
ORD-11187,2025-04-02,2025-04-04,CUST-706,Customer_83,Consumer,East,California,Chicago,PROD-8847,Storage Box,Technology,Chairs,127.89,4,0.3,-12.79,20.86,COD,Low
ORD-11188,2025-04-03,2025-04-05,CUST-763,Customer_99,Home Office,South,Illinois,Los Angeles,PROD-2070,Laptop,Technology,Phones,1334.78,3,0.2,0.0,24.93,Credit Card,High
ORD-11189,2025-04-04,2025-04-06,CUST-922,Customer_149,Corporate,West,Florida,Chicago,PROD-4285,Desk,Furniture,Phones,3323.84,6,0.32,-398.86,12.11,UPI,Low
ORD-11190,2025-04-05,2025-04-07,CUST-236,Customer_156,Home Office,Central,Florida,Houston,PROD-9949,Phone,Office Supplies,Tables,208.71,2,0.17,6.26,31.01,COD,High
ORD-11191,2025-04-06,2025-04-08,CUST-858,Customer_190,Home Office,West,Texas,Houston,PROD-4095,Office Chair,Furniture,Storage,461.85,8,0.05,69.28,7.74,Credit Card,Low
ORD-11192,2025-04-07,2025-04-09,CUST-998,Customer_263,Consumer,West,New York,Los Angeles,PROD-1320,Office Chair,Furniture,Phones,1502.31,1,0.23,-45.07,18.98,Credit Card,Medium
ORD-11193,2025-04-08,2025-04-10,CUST-342,Customer_80,Consumer,East,Illinois,Chicago,PROD-3321,Office Chair,Furniture,Tables,4395.13,9,0.38,-791.12,61.01,Credit Card,High
ORD-11194,2025-04-09,2025-04-11,CUST-642,Customer_252,Consumer,Central,New York,Houston,PROD-1555,Laptop,Office Supplies,Accessories,3836.19,8,0.32,-460.34,29.41,Credit Card,High
ORD-11195,2025-04-10,2025-04-12,CUST-139,Customer_97,Consumer,South,New York,Miami,PROD-5939,Monitor,Technology,Accessories,159.68,1,0.23,-4.79,55.12,Credit Card,High
ORD-11196,2025-04-11,2025-04-13,CUST-328,Customer_260,Home Office,Central,Illinois,New York City,PROD-6432,Desk,Office Supplies,Accessories,2533.48,9,0.26,-152.01,58.77,COD,Medium
ORD-11197,2025-04-12,2025-04-14,CUST-647,Customer_260,Consumer,West,Florida,New York City,PROD-2386,Printer,Technology,Chairs,1409.7,2,0.37,-239.65,48.59,COD,Medium
ORD-11198,2025-04-13,2025-04-15,CUST-322,Customer_103,Consumer,South,Illinois,Houston,PROD-5763,Storage Box,Technology,Storage,3260.8,3,0.17,97.82,76.9,UPI,Low
ORD-11199,2025-04-14,2025-04-16,CUST-105,Customer_40,Consumer,Central,New York,Chicago,PROD-7854,Laptop,Technology,Tables,3621.69,2,0.13,253.52,6.61,Credit Card,Medium
